Topic,Session,ID,Label
2,1,144,0
2,1,180,0
2,1,194,0
2,1,206,0
2,1,242,0
2,1,273,0
2,1,290,0
2,1,347,0
2,1,348,0
2,1,356,0
2,1,378,0
2,1,383,0
2,1,431,0
2,1,433,0
2,1,453,0
2,1,463,0
2,1,466,0
2,1,480,0
2,1,486,0
2,1,494,0
2,1,394,0
2,1,304,0
2,1,471,0
2,1,388,0
2,1,299,0
2,1,478,0
2,1,408,0
2,1,384,0
2,1,461,0
2,1,300,0
2,1,423,0
2,1,449,0
2,1,424,0
2,1,457,0
2,1,269,0
2,1,380,0
2,1,322,0
2,1,366,0
2,1,370,0
2,1,210,0
2,1,482,0
2,1,439,0
2,1,426,0
2,1,321,0
2,1,221,0
2,1,320,0
2,1,364,0
2,1,404,0
2,1,264,0
2,1,306,0
2,1,483,0
2,1,312,0
2,1,376,0
2,1,430,0
2,1,265,0
2,1,266,0
2,1,256,0
2,1,215,0
2,1,363,0
2,1,211,0
2,1,248,0
2,1,338,0
2,1,260,0
2,1,375,0
2,1,440,0
2,1,503,0
2,1,499,0
2,1,296,0
2,1,310,0
2,1,492,0
2,1,473,0
2,1,428,0
2,1,302,0
2,1,447,0
2,1,360,0
2,1,330,0
2,1,371,0
2,1,280,0
2,1,223,0
2,1,391,0
2,1,328,0
2,1,323,0
2,1,344,0
2,1,293,0
2,1,434,0
2,1,467,0
2,1,337,0
2,1,416,0
2,1,284,0
2,1,239,0
2,1,277,0
2,1,362,0
2,1,413,0
2,1,255,0
2,1,372,0
2,1,368,0
2,1,314,0
2,1,346,0
2,1,496,0
2,1,335,0
2,1,407,0
2,1,212,0
2,1,272,0
2,1,414,0
2,1,469,0
2,1,460,0
2,1,274,0
2,1,226,0
2,1,498,0
2,1,327,0
2,1,403,0
2,1,343,0
2,1,365,0
2,1,313,0
2,1,267,0
2,1,417,0
2,1,228,0
2,1,438,0
2,1,285,0
2,1,412,0
2,1,281,0
2,1,390,0
2,1,450,0
2,1,237,0
2,1,396,0
2,1,289,0
2,1,472,0
2,1,340,0
2,1,462,0
2,1,446,0
2,1,429,0
2,1,392,0
2,1,279,0
2,1,109,0
2,1,477,0
2,1,490,0
2,1,500,0
2,1,455,0
2,1,271,0
2,1,297,0
2,1,491,0
2,1,331,0
2,1,420,0
2,1,458,0
2,1,393,0
2,1,315,0
2,1,497,0
2,1,286,0
2,1,282,0
2,1,204,0
2,1,399,0
2,1,261,0
2,1,351,0
2,1,432,0
2,1,291,0
2,1,318,0
2,1,294,0
2,1,232,0
2,1,402,0
2,1,339,0
2,1,243,0
2,1,334,0
2,1,234,0
2,1,268,0
2,1,381,0
2,1,418,0
2,1,377,0
2,1,465,0
2,1,307,0
2,1,488,0
2,1,353,0
2,1,359,0
2,1,217,0
2,1,475,0
2,1,489,0
2,1,341,0
2,1,422,0
2,1,244,0
2,1,208,0
2,1,398,0
2,1,253,0
2,1,342,0
2,1,355,0
2,1,379,0
2,1,219,0
2,1,352,0
2,1,454,0
2,1,387,0
2,1,333,0
2,1,470,0
2,1,295,0
2,1,374,0
2,1,329,0
2,1,249,0
2,1,501,0
2,1,298,0
2,1,216,0
2,1,349,0
2,1,250,0
2,1,247,0
4,1,572,0
4,1,641,0
4,1,644,0
4,1,654,0
4,1,657,0
4,1,678,0
4,1,681,0
4,1,689,0
4,1,692,0
4,1,693,0
4,1,704,0
4,1,729,0
4,1,739,0
4,1,740,0
4,1,741,0
4,1,760,0
4,1,761,0
4,1,767,0
4,1,853,0
4,1,694,0
4,1,800,0
4,1,884,0
4,1,770,0
4,1,873,0
4,1,622,0
4,1,850,0
4,1,821,0
4,1,662,0
4,1,653,0
4,1,664,0
4,1,877,0
4,1,881,0
4,1,574,0
4,1,891,0
4,1,841,0
4,1,834,0
4,1,628,0
4,1,796,0
4,1,705,0
4,1,616,0
4,1,637,0
4,1,607,0
4,1,780,0
4,1,724,0
4,1,700,0
4,1,826,0
4,1,749,0
4,1,636,0
4,1,848,0
4,1,868,0
4,1,837,0
4,1,806,0
4,1,604,0
4,1,695,0
4,1,785,0
4,1,825,0
4,1,845,0
4,1,743,0
4,1,638,0
4,1,860,0
4,1,655,0
4,1,804,0
4,1,824,0
4,1,817,0
4,1,883,0
4,1,823,0
4,1,684,0
4,1,763,0
4,1,666,0
4,1,794,0
4,1,596,0
4,1,613,0
4,1,683,0
4,1,756,0
4,1,582,0
4,1,854,0
4,1,650,0
4,1,601,0
4,1,861,0
4,1,610,0
4,1,562,0
4,1,634,0
4,1,573,0
4,1,748,0
4,1,698,0
4,1,774,0
4,1,836,0
4,1,852,0
4,1,686,0
4,1,627,0
4,1,656,0
4,1,747,0
4,1,649,0
4,1,606,0
4,1,688,0
4,1,583,0
4,1,745,0
4,1,675,0
4,1,718,0
4,1,593,0
4,1,566,0
4,1,869,0
4,1,813,0
4,1,708,0
4,1,569,0
4,1,811,0
4,1,757,0
4,1,840,0
4,1,890,0
4,1,651,0
4,1,792,0
4,1,597,0
4,1,812,0
4,1,710,0
4,1,663,0
4,1,722,0
4,1,565,0
4,1,846,0
4,1,560,0
4,1,843,0
4,1,701,0
4,1,600,0
4,1,816,0
4,1,643,0
4,1,626,0
4,1,784,0
4,1,630,0
4,1,815,0
4,1,880,0
4,1,721,0
4,1,755,0
4,1,864,0
4,1,590,0
4,1,734,0
4,1,775,0
4,1,691,0
4,1,614,0
4,1,737,0
4,1,713,0
4,1,876,0
4,1,803,0
4,1,599,0
4,1,577,0
4,1,645,0
4,1,697,0
4,1,706,0
4,1,758,0
4,1,818,0
4,1,764,0
4,1,712,0
4,1,838,0
4,1,886,0
4,1,879,0
4,1,754,0
4,1,715,0
4,1,856,0
4,1,872,0
4,1,669,0
4,1,575,0
4,1,725,0
4,1,677,0
4,1,801,0
4,1,579,0
4,1,611,0
4,1,892,0
4,1,810,0
4,1,733,0
4,1,735,0
4,1,621,0
4,1,608,0
4,1,870,0
4,1,592,0
4,1,658,0
4,1,820,0
4,1,790,0
4,1,736,0
4,1,746,0
4,1,750,0
4,1,814,0
4,1,605,0
4,1,668,0
4,1,584,0
4,1,580,0
4,1,635,0
4,1,779,0
4,1,709,0
4,1,647,0
4,1,871,0
4,1,851,0
4,1,828,0
4,1,822,0
4,1,585,0
4,1,781,0
4,1,753,0
4,1,648,0
4,1,762,0
4,1,652,0
4,1,665,0
4,1,867,0
4,1,865,0
5,1,1318,0
5,1,1385,0
5,1,1398,0
5,1,1403,0
5,1,1407,0
5,1,1441,0
5,1,1466,0
5,1,1478,0
5,1,1506,0
5,1,1528,0
5,1,1534,0
5,1,1607,0
5,1,1617,0
5,1,1663,0
5,1,1700,0
5,1,1727,0
5,1,2771,0
5,1,2083,0
5,1,2740,0
5,1,1689,0
5,1,2223,0
5,1,2313,0
5,1,2940,0
5,1,2625,0
5,1,2254,0
5,1,1979,0
5,1,2335,0
5,1,1340,0
5,1,2760,0
5,1,2219,0
5,1,2472,0
5,1,2158,0
5,1,1512,0
5,1,2616,0
5,1,2445,0
5,1,2782,0
5,1,3139,0
5,1,2610,0
5,1,1716,0
5,1,1943,0
5,1,1930,0
5,1,1541,0
5,1,2949,0
5,1,3100,0
5,1,1519,0
5,1,2619,0
5,1,1459,0
5,1,1841,0
5,1,2647,0
5,1,1656,0
5,1,2354,0
5,1,1688,0
5,1,2293,0
5,1,3050,0
5,1,2038,0
5,1,2121,0
5,1,2526,0
5,1,3096,0
5,1,3163,0
5,1,2839,0
5,1,1746,0
5,1,2622,0
5,1,1464,0
5,1,1400,0
5,1,2208,0
5,1,1386,0
5,1,1639,0
5,1,2363,0
5,1,3164,0
5,1,2306,0
5,1,1404,0
5,1,2968,0
5,1,2481,0
5,1,2728,0
5,1,1764,0
5,1,2547,0
5,1,2320,0
5,1,2018,0
5,1,3034,0
5,1,2805,0
5,1,1597,0
5,1,2623,0
5,1,2090,0
5,1,2652,0
5,1,2586,0
5,1,2296,0
5,1,2128,0
5,1,2376,0
5,1,3036,0
5,1,2786,0
5,1,1257,0
5,1,2980,0
5,1,1556,0
5,1,1659,0
5,1,2387,0
5,1,2000,0
5,1,2707,0
5,1,2674,0
5,1,3045,0
5,1,2258,0
5,1,2079,0
5,1,1497,0
5,1,1729,0
5,1,2331,0
5,1,1529,0
5,1,2453,0
5,1,2294,0
5,1,1734,0
5,1,2142,0
5,1,2027,0
5,1,1658,0
5,1,2377,0
5,1,2708,0
5,1,3063,0
5,1,2043,0
5,1,2916,0
5,1,1881,0
5,1,1327,0
5,1,2783,0
5,1,1724,0
5,1,1992,0
5,1,1900,0
5,1,2173,0
5,1,1367,0
5,1,3094,0
5,1,1987,0
5,1,2020,0
5,1,1768,0
5,1,2417,0
5,1,1735,0
5,1,2179,0
5,1,2361,0
5,1,2711,0
5,1,1797,0
5,1,2109,0
5,1,1817,0
5,1,1754,0
5,1,3022,0
5,1,1826,0
5,1,2882,0
5,1,2271,0
5,1,2151,0
5,1,2549,0
5,1,2689,0
5,1,1537,0
5,1,2323,0
5,1,2414,0
5,1,1544,0
5,1,2831,0
5,1,2563,0
5,1,2870,0
5,1,1790,0
5,1,1701,0
5,1,2461,0
5,1,2781,0
5,1,2404,0
5,1,2858,0
5,1,1609,0
5,1,2628,0
5,1,2661,0
5,1,2221,0
5,1,1926,0
5,1,1814,0
5,1,2486,0
5,1,2680,0
5,1,2768,0
5,1,1816,0
5,1,3073,0
5,1,3083,0
5,1,2574,0
5,1,2862,0
5,1,1476,0
5,1,1361,0
5,1,1937,0
5,1,1412,0
5,1,3119,0
5,1,1310,0
5,1,1872,0
5,1,1545,0
5,1,3128,0
5,1,1721,0
5,1,1827,0
5,1,2457,0
5,1,1757,0
5,1,2315,0
5,1,1483,0
5,1,1682,0
5,1,2556,0
5,1,2824,0
5,1,1625,0
5,1,2729,0
5,1,1905,0
5,1,2528,0
5,1,2341,0
5,1,3017,0
5,1,3090,0
5,1,1949,0
5,1,1517,0
5,1,2483,0
5,1,2789,0
5,2,1755,0
5,2,1789,0
5,2,1838,0
5,2,1853,0
5,2,1920,0
5,2,1936,0
5,2,1941,0
5,2,1961,0
5,2,1964,0
5,2,2004,0
5,2,2007,0
5,2,2022,0
5,2,2058,0
5,2,2089,0
5,2,2113,0
5,2,2117,0
5,2,2895,0
5,2,1463,0
5,2,2921,0
5,2,2191,0
5,2,1401,0
5,2,2504,0
5,2,1730,0
5,2,2178,0
5,2,1911,0
5,2,3025,0
5,2,2041,0
5,2,1942,0
5,2,2343,0
5,2,2032,0
5,2,1873,0
5,2,1595,0
5,2,1372,0
5,2,1968,0
5,2,2898,0
5,2,2684,0
5,2,2439,0
5,2,1562,0
5,2,1621,0
5,2,2427,0
5,2,3062,0
5,2,3169,0
5,2,3070,0
5,2,2174,0
5,2,1646,0
5,2,3000,0
5,2,2001,0
5,2,2965,0
5,2,2261,0
5,2,2232,0
5,2,1296,0
5,2,2299,0
5,2,1681,0
5,2,1532,0
5,2,2239,0
5,2,2056,0
5,2,2489,0
5,2,3165,0
5,2,1921,0
5,2,1676,0
5,2,2650,0
5,2,3067,0
5,2,3160,0
5,2,2712,0
5,2,2778,0
5,2,2390,0
5,2,1356,0
5,2,1923,0
5,2,2520,0
5,2,2559,0
5,2,1865,0
5,2,1287,0
5,2,2164,0
5,2,1857,0
5,2,1540,0
5,2,3112,0
5,2,1837,0
5,2,1879,0
5,2,1402,0
5,2,2071,0
5,2,1445,0
5,2,2987,0
5,2,2349,0
5,2,2638,0
5,2,1684,0
5,2,1934,0
5,2,1352,0
5,2,1899,0
5,2,1505,0
5,2,3177,0
5,2,2272,0
5,2,1914,0
5,2,2615,0
5,2,3099,0
5,2,2917,0
5,2,1543,0
5,2,1605,0
5,2,2263,0
5,2,2963,0
5,2,2864,0
5,2,1297,0
5,2,2541,0
5,2,1514,0
5,2,2094,0
5,2,1471,0
5,2,3151,0
5,2,1985,0
5,2,1335,0
5,2,2347,0
5,2,3051,0
5,2,1360,0
5,2,1996,0
5,2,2416,0
5,2,2144,0
5,2,2182,0
5,2,1983,0
5,2,1784,0
5,2,1453,0
5,2,2588,0
5,2,3146,0
5,2,1830,0
5,2,2562,0
5,2,2973,0
5,2,2844,0
5,2,3101,0
5,2,2856,0
5,2,2440,0
5,2,2048,0
5,2,2998,0
5,2,2787,0
5,2,2842,0
5,2,1301,0
5,2,1554,0
5,2,3044,0
5,2,1336,0
5,2,2152,0
5,2,2852,0
5,2,1970,0
5,2,1809,0
5,2,2866,0
5,2,1220,0
5,2,3193,0
5,2,1694,0
5,2,2994,0
5,2,2687,0
5,2,2103,0
5,2,2336,0
5,2,2332,0
5,2,2322,0
5,2,1411,0
5,2,1392,0
5,2,1371,0
5,2,2170,0
5,2,2380,0
5,2,1835,0
5,2,1645,0
5,2,2926,0
5,2,2172,0
5,2,2507,0
5,2,1391,0
5,2,2243,0
5,2,2141,0
5,2,1665,0
5,2,2069,0
5,2,2934,0
5,2,1690,0
5,2,2233,0
5,2,1672,0
5,2,3024,0
5,2,1844,0
5,2,3188,0
5,2,1662,0
5,2,2382,0
5,2,1762,0
5,2,2159,0
5,2,2209,0
5,2,1664,0
5,2,3118,0
5,2,1692,0
5,2,3012,0
5,2,1867,0
5,2,3149,0
5,2,2814,0
5,2,2881,0
5,2,2200,0
5,2,2378,0
5,2,2459,0
5,2,2924,0
5,2,2053,0
5,2,1696,0
5,2,2930,0
5,2,2107,0
5,2,2328,0
5,2,1405,0
5,2,2469,0
5,2,2012,0
5,2,2111,0
5,2,2437,0
5,2,1922,0
5,2,2055,0
5,3,2135,0
5,3,2145,0
5,3,2188,0
5,3,2226,0
5,3,2253,0
5,3,2255,0
5,3,2257,0
5,3,2270,0
5,3,2303,0
5,3,2309,0
5,3,2393,0
5,3,2395,0
5,3,2397,0
5,3,2411,0
5,3,2412,0
5,3,2422,0
5,3,2664,0
5,3,2575,0
5,3,2295,0
5,3,3003,0
5,3,2319,0
5,3,1637,0
5,3,1510,0
5,3,2187,0
5,3,2731,0
5,3,3142,0
5,3,2456,0
5,3,2210,0
5,3,2807,0
5,3,2749,0
5,3,2993,0
5,3,2755,0
5,3,2594,0
5,3,1699,0
5,3,2857,0
5,3,2906,0
5,3,2454,0
5,3,1353,0
5,3,2455,0
5,3,2213,0
5,3,2524,0
5,3,1591,0
5,3,2823,0
5,3,2668,0
5,3,2286,0
5,3,2662,0
5,3,2205,0
5,3,2743,0
5,3,2189,0
5,3,1523,0
5,3,2795,0
5,3,2348,0
5,3,2351,0
5,3,3184,0
5,3,1599,0
5,3,2153,0
5,3,2542,0
5,3,1553,0
5,3,1777,0
5,3,2573,0
5,3,1434,0
5,3,1578,0
5,3,2317,0
5,3,2989,0
5,3,1536,0
5,3,2977,0
5,3,2582,0
5,3,2811,0
5,3,2216,0
5,3,3097,0
5,3,1732,0
5,3,2774,0
5,3,2139,0
5,3,1592,0
5,3,2785,0
5,3,2637,0
5,3,1698,0
5,3,2352,0
5,3,1980,0
5,3,2112,0
5,3,3055,0
5,3,2106,0
5,3,1861,0
5,3,1319,0
5,3,2614,0
5,3,2268,0
5,3,1224,0
5,3,1589,0
5,3,1624,0
5,3,3046,0
5,3,1737,0
5,3,2956,0
5,3,2266,0
5,3,2554,0
5,3,2744,0
5,3,2046,0
5,3,2716,0
5,3,1474,0
5,3,1876,0
5,3,1669,0
5,3,1345,0
5,3,2688,0
5,3,2502,0
5,3,2085,0
5,3,1395,0
5,3,2003,0
5,3,2975,0
5,3,2484,0
5,3,1576,0
5,3,2829,0
5,3,2775,0
5,3,2539,0
5,3,1431,0
5,3,2584,0
5,3,1452,0
5,3,2081,0
5,3,1712,0
5,3,1852,0
5,3,1619,0
5,3,2132,0
5,3,2933,0
5,3,1551,0
5,3,2954,0
5,3,2357,0
5,3,1823,0
5,3,1833,0
5,3,2645,0
5,3,2157,0
5,3,1306,0
5,3,1638,0
5,3,2127,0
5,3,2383,0
5,3,2846,0
5,3,1904,0
5,3,2555,0
5,3,1929,0
5,3,2531,0
5,3,2488,0
5,3,1443,0
5,3,1427,0
5,3,2334,0
5,3,2630,0
5,3,2769,0
5,3,2292,0
5,3,1460,0
5,3,1772,0
5,3,1272,0
5,3,2904,0
5,3,1604,0
5,3,2915,0
5,3,1481,0
5,3,2162,0
5,3,2480,0
5,3,1854,0
5,3,2273,0
5,3,2333,0
5,3,1848,0
5,3,1670,0
5,3,1782,0
5,3,1785,0
5,3,2515,0
5,3,1323,0
5,3,2231,0
5,3,2049,0
5,3,3113,0
5,3,2321,0
5,3,2620,0
5,3,1806,0
5,3,2446,0
5,3,1448,0
5,3,2097,0
5,3,2535,0
5,3,2944,0
5,3,3092,0
5,3,1477,0
5,3,2843,0
5,3,2948,0
5,3,1496,0
5,3,3078,0
5,3,3122,0
5,3,2110,0
5,3,1748,0
5,3,2721,0
5,3,2945,0
5,3,1966,0
5,3,2054,0
5,3,2566,0
5,3,2580,0
5,3,2177,0
5,3,1458,0
5,3,2176,0
5,3,2011,0
5,3,1928,0
5,3,2105,0
5,3,2304,0
5,3,1582,0
5,3,1588,0
5,3,1901,0
5,3,2224,0
5,3,2914,0
5,4,2438,0
5,4,2557,0
5,4,2581,0
5,4,2611,0
5,4,2631,0
5,4,2633,0
5,4,2693,0
5,4,2694,0
5,4,2752,0
5,4,2754,0
5,4,2780,0
5,4,2812,0
5,4,2830,0
5,4,2849,0
5,4,2854,0
5,4,2902,0
5,4,1988,0
5,4,2384,0
5,4,1975,0
5,4,2076,0
5,4,2244,0
5,4,2494,0
5,4,2818,0
5,4,3123,0
5,4,2165,0
5,4,1839,0
5,4,2627,0
5,4,1574,0
5,4,1378,0
5,4,1374,0
5,4,2718,0
5,4,1647,0
5,4,1766,0
5,4,1714,0
5,4,1324,0
5,4,3035,0
5,4,2696,0
5,4,2978,0
5,4,2180,0
5,4,2529,0
5,4,1421,0
5,4,2256,0
5,4,2196,0
5,4,2607,0
5,4,3148,0
5,4,1490,0
5,4,2337,0
5,4,1702,0
5,4,2984,0
5,4,1632,0
5,4,1849,0
5,4,1567,0
5,4,1313,0
5,4,2442,0
5,4,1691,0
5,4,1787,0
5,4,1711,0
5,4,1267,0
5,4,1538,0
5,4,2413,0
5,4,2761,0
5,4,1338,0
5,4,1635,0
5,4,1467,0
5,4,2185,0
5,4,1679,0
5,4,2342,0
5,4,1522,0
5,4,2587,0
5,4,2123,0
5,4,2225,0
5,4,1364,0
5,4,2793,0
5,4,2746,0
5,4,2658,0
5,4,1454,0
5,4,1339,0
5,4,2517,0
5,4,3175,0
5,4,3076,0
5,4,2635,0
5,4,2799,0
5,4,3091,0
5,4,1527,0
5,4,1516,0
5,4,3176,0
5,4,2265,0
5,4,1972,0
5,4,2421,0
5,4,1305,0
5,4,2475,0
5,4,2604,0
5,4,2681,0
5,4,2544,0
5,4,1511,0
5,4,3053,0
5,4,1788,0
5,4,1803,0
5,4,1217,0
5,4,1976,0
5,4,1616,0
5,4,1708,0
5,4,2599,0
5,4,2093,0
5,4,3085,0
5,4,2147,0
5,4,3114,0
5,4,2129,0
5,4,2379,0
5,4,1903,0
5,4,2739,0
5,4,1526,0
5,4,2503,0
5,4,2654,0
5,4,1565,0
5,4,1229,0
5,4,3054,0
5,4,3069,0
5,4,1880,0
5,4,2353,0
5,4,2156,0
5,4,2501,0
5,4,2133,0
5,4,1719,0
5,4,1622,0
5,4,2406,0
5,4,1627,0
5,4,3161,0
5,4,1967,0
5,4,1885,0
5,4,1304,0
5,4,1507,0
5,4,3048,0
5,4,2197,0
5,4,2240,0
5,4,3018,0
5,4,2008,0
5,4,3104,0
5,4,2773,0
5,4,2869,0
5,4,2246,0
5,4,2212,0
5,4,1856,0
5,4,1778,0
5,4,2710,0
5,4,1794,0
5,4,2756,0
5,4,1999,0
5,4,1295,0
5,4,2028,0
5,4,2779,0
5,4,1946,0
5,4,3129,0
5,4,2565,0
5,4,1579,0
5,4,1828,0
5,4,2381,0
5,4,2947,0
5,4,1585,0
5,4,3043,0
5,4,2828,0
5,4,2791,0
5,4,3081,0
5,4,2346,0
5,4,1489,0
5,4,2534,0
5,4,2595,0
5,4,3015,0
5,4,2922,0
5,4,2767,0
5,4,2444,0
5,4,2988,0
5,4,2803,0
5,4,2777,0
5,4,1389,0
5,4,1449,0
5,4,2175,0
5,4,2458,0
5,4,2745,0
5,4,2667,0
5,4,1375,0
5,4,2471,0
5,4,3190,0
5,4,2621,0
5,4,1808,0
5,4,1810,0
5,4,1742,0
5,4,2204,0
5,4,2925,0
5,4,2498,0
5,4,2220,0
5,4,2571,0
5,4,1566,0
5,4,2860,0
5,4,2460,0
5,4,1718,0
5,4,2222,0
5,4,2742,0
5,4,1618,0
5,4,2051,0
5,5,2872,0
5,5,2874,0
5,5,2875,0
5,5,2876,0
5,5,2878,0
5,5,2880,0
5,5,2890,0
5,5,2899,0
5,5,2911,0
5,5,2939,0
5,5,2952,0
5,5,2959,0
5,5,2979,0
5,5,3011,0
5,5,3014,0
5,5,3194,0
5,5,2267,0
5,5,2181,0
5,5,1927,0
5,5,2426,0
5,5,3032,0
5,5,1384,0
5,5,2617,0
5,5,1390,0
5,5,1281,0
5,5,1978,0
5,5,3087,0
5,5,2551,0
5,5,2237,0
5,5,3141,0
5,5,1931,0
5,5,1498,0
5,5,2969,0
5,5,2530,0
5,5,2074,0
5,5,3082,0
5,5,2553,0
5,5,2928,0
5,5,1786,0
5,5,3125,0
5,5,2431,0
5,5,2410,0
5,5,2533,0
5,5,1586,0
5,5,2424,0
5,5,2859,0
5,5,3150,0
5,5,2095,0
5,5,3134,0
5,5,2931,0
5,5,2350,0
5,5,1858,0
5,5,3005,0
5,5,2896,0
5,5,2297,0
5,5,1438,0
5,5,3157,0
5,5,2329,0
5,5,1770,0
5,5,1316,0
5,5,2462,0
5,5,2521,0
5,5,2289,0
5,5,1761,0
5,5,1485,0
5,5,1468,0
5,5,2284,0
5,5,1387,0
5,5,2276,0
5,5,2986,0
5,5,2024,0
5,5,2248,0
5,5,2970,0
5,5,1765,0
5,5,2067,0
5,5,2356,0
5,5,2137,0
5,5,3180,0
5,5,3185,0
5,5,1590,0
5,5,1626,0
5,5,1836,0
5,5,2884,0
5,5,1749,0
5,5,2913,0
5,5,2362,0
5,5,2493,0
5,5,2468,0
5,5,2699,0
5,5,2235,0
5,5,1776,0
5,5,2060,0
5,5,2264,0
5,5,3182,0
5,5,2251,0
5,5,1986,0
5,5,1570,0
5,5,2686,0
5,5,2443,0
5,5,1890,0
5,5,1728,0
5,5,1731,0
5,5,2961,0
5,5,2116,0
5,5,1636,0
5,5,2385,0
5,5,1680,0
5,5,3178,0
5,5,2920,0
5,5,3117,0
5,5,2726,0
5,5,2492,0
5,5,2597,0
5,5,2758,0
5,5,1969,0
5,5,2064,0
5,5,2656,0
5,5,2883,0
5,5,3047,0
5,5,2560,0
5,5,1759,0
5,5,2834,0
5,5,1935,0
5,5,3086,0
5,5,1341,0
5,5,1480,0
5,5,2138,0
5,5,2023,0
5,5,2312,0
5,5,2310,0
5,5,1406,0
5,5,2391,0
5,5,1815,0
5,5,2835,0
5,5,1868,0
5,5,1649,0
5,5,1736,0
5,5,1906,0
5,5,1365,0
5,5,2516,0
5,5,1891,0
5,5,2759,0
5,5,2546,0
5,5,1417,0
5,5,1831,0
5,5,1651,0
5,5,2643,0
5,5,3004,0
5,5,2487,0
5,5,2826,0
5,5,2794,0
5,5,1819,0
5,5,2919,0
5,5,2732,0
5,5,1889,0
5,5,1981,0
5,5,1933,0
5,5,2330,0
5,5,1366,0
5,5,1822,0
5,5,2091,0
5,5,3174,0
5,5,1484,0
5,5,1709,0
5,5,1974,0
5,5,2042,0
5,5,3172,0
5,5,1913,0
5,5,1912,0
5,5,2820,0
5,5,2407,0
5,5,1461,0
5,5,1415,0
5,5,2344,0
5,5,2996,0
5,5,1568,0
5,5,1351,0
5,5,1320,0
5,5,1598,0
5,5,2792,0
5,5,1950,0
5,5,3071,0
5,5,3077,0
5,5,1515,0
5,5,2983,0
5,5,1847,0
5,5,2673,0
5,5,2308,0
5,5,1520,0
5,5,1707,0
5,5,2167,0
5,5,2522,0
5,5,2568,0
5,5,1500,0
5,5,1455,0
5,5,2399,0
5,5,2037,0
5,5,2966,0
5,5,1952,0
5,5,2957,0
5,6,3027,0
5,6,3033,0
5,6,3039,0
5,6,3042,0
5,6,3052,0
5,6,3065,0
5,6,3103,0
5,6,3106,0
5,6,3108,0
5,6,3111,0
5,6,3115,0
5,6,3124,0
5,6,3127,0
5,6,3153,0
5,6,3191,0
5,6,2985,0
5,6,3038,0
5,6,3010,0
5,6,2848,0
5,6,2865,0
5,6,2118,0
5,6,1917,0
5,6,1265,0
5,6,3021,0
5,6,1457,0
5,6,1462,0
5,6,1264,0
5,6,2832,0
5,6,1851,0
5,6,3016,0
5,6,2703,0
5,6,1953,0
5,6,2809,0
5,6,2025,0
5,6,2066,0
5,6,2525,0
5,6,2757,0
5,6,1695,0
5,6,2229,0
5,6,2432,0
5,6,2288,0
5,6,2923,0
5,6,2700,0
5,6,2429,0
5,6,2918,0
5,6,1648,0
5,6,3189,0
5,6,1482,0
5,6,1888,0
5,6,2825,0
5,6,3098,0
5,6,1791,0
5,6,2465,0
5,6,2345,0
5,6,2491,0
5,6,1557,0
5,6,2736,0
5,6,2241,0
5,6,2697,0
5,6,1710,0
5,6,2649,0
5,6,2434,0
5,6,3168,0
5,6,1410,0
5,6,2365,0
5,6,2078,0
5,6,2062,0
5,6,1577,0
5,6,1561,0
5,6,2891,0
5,6,3007,0
5,6,1309,0
5,6,2804,0
5,6,2964,0
5,6,3155,0
5,6,1769,0
5,6,1613,0
5,6,2813,0
5,6,1473,0
5,6,1499,0
5,6,1892,0
5,6,1753,0
5,6,2871,0
5,6,1349,0
5,6,1997,0
5,6,2236,0
5,6,2545,0
5,6,2166,0
5,6,2527,0
5,6,2318,0
5,6,2626,0
5,6,1860,0
5,6,1717,0
5,6,2727,0
5,6,2722,0
5,6,1269,0
5,6,1652,0
5,6,2140,0
5,6,2840,0
5,6,2009,0
5,6,1780,0
5,6,2124,0
5,6,3187,0
5,6,1546,0
5,6,1895,0
5,6,1284,0
5,6,2420,0
5,6,2690,0
5,6,1642,0
5,6,1919,0
5,6,3179,0
5,6,3009,0
5,6,2252,0
5,6,2280,0
5,6,2099,0
5,6,2203,0
5,6,2281,0
5,6,2287,0
5,6,2815,0
5,6,1774,0
5,6,2367,0
5,6,3137,0
5,6,2029,0
5,6,2230,0
5,6,2706,0
5,6,2941,0
5,6,1508,0
5,6,1940,0
5,6,3133,0
5,6,2734,0
5,6,2063,0
5,6,3181,0
5,6,1573,0
5,6,1896,0
5,6,2894,0
5,6,1640,0
5,6,3132,0
5,6,2087,0
5,6,2598,0
5,6,2195,0
5,6,1678,0
5,6,2302,0
5,6,3183,0
5,6,2900,0
5,6,1535,0
5,6,2762,0
5,6,3020,0
5,6,2868,0
5,6,2102,0
5,6,1842,0
5,6,1587,0
5,6,1299,0
5,6,1594,0
5,6,3030,0
5,6,1750,0
5,6,1939,0
5,6,1294,0
5,6,2005,0
5,6,1818,0
5,6,2476,0
5,6,1564,0
5,6,2019,0
5,6,1550,0
5,6,2040,0
5,6,1631,0
5,6,2108,0
5,6,1416,0
5,6,1539,0
5,6,2682,0
5,6,1925,0
5,6,2578,0
5,6,2300,0
5,6,2790,0
5,6,1581,0
5,6,2148,0
5,6,3041,0
5,6,2702,0
5,6,1593,0
5,6,1990,0
5,6,2061,0
5,6,1584,0
5,6,1657,0
5,6,2724,0
5,6,2642,0
5,6,1308,0
5,6,2912,0
5,6,1767,0
5,6,1612,0
5,6,1779,0
5,6,2050,0
5,6,1686,0
5,6,1738,0
5,6,2997,0
5,6,2720,0
5,6,2672,0
5,6,2449,0
5,6,1945,0
5,6,1877,0
5,6,2435,0
5,6,1938,0
6,1,3759,0
6,1,3792,0
6,1,3808,0
6,1,3863,0
6,1,3914,0
6,1,3923,0
6,1,3987,0
6,1,3990,0
6,1,4010,0
6,1,4015,0
6,1,4062,0
6,1,4070,0
6,1,4085,0
6,1,4109,0
6,1,4114,0
6,1,3850,0
6,1,4405,0
6,1,4793,0
6,1,4517,0
6,1,4555,0
6,1,4427,0
6,1,4309,0
6,1,4434,0
6,1,5481,0
6,1,4724,0
6,1,4167,0
6,1,4222,0
6,1,4795,0
6,1,4504,0
6,1,5176,0
6,1,4856,0
6,1,3909,0
6,1,4762,0
6,1,5295,0
6,1,5384,0
6,1,4650,0
6,1,4144,0
6,1,5414,0
6,1,4821,0
6,1,5313,0
6,1,5400,0
6,1,4844,0
6,1,3842,0
6,1,4082,0
6,1,4343,0
6,1,4193,0
6,1,4040,0
6,1,4433,0
6,1,4064,0
6,1,4683,0
6,1,5214,0
6,1,4342,0
6,1,5379,0
6,1,5099,0
6,1,3678,0
6,1,3686,0
6,1,4211,0
6,1,4196,0
6,1,5111,0
6,1,4071,0
6,1,5205,0
6,1,5224,0
6,1,4960,0
6,1,4694,0
6,1,5489,0
6,1,4991,0
6,1,3846,0
6,1,5220,0
6,1,3847,0
6,1,3775,0
6,1,5174,0
6,1,5391,0
6,1,4862,0
6,1,3957,0
6,1,5308,0
6,1,4766,0
6,1,3712,0
6,1,4108,0
6,1,4707,0
6,1,3851,0
6,1,3736,0
6,1,4497,0
6,1,4756,0
6,1,4075,0
6,1,4352,0
6,1,4170,0
6,1,3676,0
6,1,5119,0
6,1,3869,0
6,1,4566,0
6,1,5149,0
6,1,4389,0
6,1,3892,0
6,1,4101,0
6,1,4249,0
6,1,5003,0
6,1,3745,0
6,1,4276,0
6,1,4954,0
6,1,3806,0
6,1,4980,0
6,1,4273,0
6,1,5296,0
6,1,4852,0
6,1,3711,0
6,1,5352,0
6,1,4455,0
6,1,5193,0
6,1,4743,0
6,1,5239,0
6,1,4326,0
6,1,4595,0
6,1,5293,0
6,1,5325,0
6,1,5423,0
6,1,4894,0
6,1,5448,0
6,1,3897,0
6,1,4809,0
6,1,5227,0
6,1,3920,0
6,1,5076,0
6,1,4615,0
6,1,4849,0
6,1,4659,0
6,1,4647,0
6,1,3785,0
6,1,4639,0
6,1,4481,0
6,1,5339,0
6,1,4702,0
6,1,4202,0
6,1,4422,0
6,1,4137,0
6,1,4285,0
6,1,4626,0
6,1,4999,0
6,1,4233,0
6,1,4390,0
6,1,5184,0
6,1,3959,0
6,1,4107,0
6,1,3719,0
6,1,4961,0
6,1,3816,0
6,1,5118,0
6,1,5408,0
6,1,5322,0
6,1,4567,0
6,1,4126,0
6,1,4783,0
6,1,4388,0
6,1,4922,0
6,1,5270,0
6,1,4750,0
6,1,3788,0
6,1,4125,0
6,1,3779,0
6,1,4123,0
6,1,5285,0
6,1,4163,0
6,1,3834,0
6,1,3921,0
6,1,5404,0
6,1,3868,0
6,1,4435,0
6,1,4847,0
6,1,5077,0
6,1,5035,0
6,1,4397,0
6,1,4371,0
6,1,5249,0
6,1,4279,0
6,1,5041,0
6,1,3726,0
6,1,4604,0
6,1,4559,0
6,1,4886,0
6,1,5456,0
6,1,4030,0
6,1,4549,0
6,1,5127,0
6,1,4720,0
6,1,4636,0
6,1,3565,0
6,1,4447,0
6,1,4424,0
6,1,3805,0
6,1,3895,0
6,1,3733,0
6,1,3853,0
6,1,4890,0
6,1,5028,0
6,1,3595,0
6,1,3997,0
6,1,4260,0
6,1,5466,0
6,1,5136,0
6,1,4053,0
6,1,3948,0
6,2,4141,0
6,2,4150,0
6,2,4160,0
6,2,4207,0
6,2,4215,0
6,2,4224,0
6,2,4252,0
6,2,4361,0
6,2,4363,0
6,2,4451,0
6,2,4460,0
6,2,4473,0
6,2,4474,0
6,2,4499,0
6,2,4538,0
6,2,4477,0
6,2,4046,0
6,2,4686,0
6,2,5089,0
6,2,5213,0
6,2,4853,0
6,2,4398,0
6,2,4982,0
6,2,4205,0
6,2,4606,0
6,2,4337,0
6,2,3994,0
6,2,5058,0
6,2,4688,0
6,2,5388,0
6,2,4600,0
6,2,5274,0
6,2,5031,0
6,2,4184,0
6,2,4019,0
6,2,3978,0
6,2,5219,0
6,2,5200,0
6,2,4825,0
6,2,4796,0
6,2,3837,0
6,2,4781,0
6,2,3750,0
6,2,5159,0
6,2,4324,0
6,2,4486,0
6,2,4009,0
6,2,4385,0
6,2,3952,0
6,2,4131,0
6,2,5266,0
6,2,4044,0
6,2,3928,0
6,2,4316,0
6,2,5171,0
6,2,3699,0
6,2,5387,0
6,2,3840,0
6,2,4054,0
6,2,5403,0
6,2,5297,0
6,2,4880,0
6,2,5229,0
6,2,4792,0
6,2,4931,0
6,2,3950,0
6,2,4479,0
6,2,5334,0
6,2,5055,0
6,2,5075,0
6,2,4593,0
6,2,4832,0
6,2,5324,0
6,2,5109,0
6,2,5282,0
6,2,4770,0
6,2,5356,0
6,2,4610,0
6,2,5355,0
6,2,4788,0
6,2,4086,0
6,2,4663,0
6,2,4199,0
6,2,4998,0
6,2,3912,0
6,2,5417,0
6,2,3710,0
6,2,3881,0
6,2,4861,0
6,2,3768,0
6,2,4755,0
6,2,4118,0
6,2,3709,0
6,2,4151,0
6,2,5071,0
6,2,3901,0
6,2,4041,0
6,2,4671,0
6,2,4752,0
6,2,4591,0
6,2,4208,0
6,2,5374,0
6,2,4561,0
6,2,5019,0
6,2,4506,0
6,2,3734,0
6,2,5053,0
6,2,5024,0
6,2,4631,0
6,2,4393,0
6,2,4024,0
6,2,5429,0
6,2,4916,0
6,2,4069,0
6,2,4190,0
6,2,5351,0
6,2,5168,0
6,2,3891,0
6,2,4293,0
6,2,3756,0
6,2,5252,0
6,2,4802,0
6,2,3852,0
6,2,4972,0
6,2,4632,0
6,2,4197,0
6,2,5143,0
6,2,4103,0
6,2,5064,0
6,2,4603,0
6,2,5363,0
6,2,3973,0
6,2,5345,0
6,2,4067,0
6,2,3713,0
6,2,4813,0
6,2,4112,0
6,2,4524,0
6,2,4823,0
6,2,4966,0
6,2,5017,0
6,2,5063,0
6,2,5242,0
6,2,4013,0
6,2,4373,0
6,2,4545,0
6,2,4472,0
6,2,5061,0
6,2,4592,0
6,2,4540,0
6,2,4383,0
6,2,4735,0
6,2,4935,0
6,2,4133,0
6,2,4311,0
6,2,4754,0
6,2,4765,0
6,2,4348,0
6,2,4436,0
6,2,3742,0
6,2,4488,0
6,2,5422,0
6,2,4176,0
6,2,5413,0
6,2,4923,0
6,2,3944,0
6,2,3817,0
6,2,3714,0
6,2,4737,0
6,2,5250,0
6,2,4466,0
6,2,4182,0
6,2,5424,0
6,2,3870,0
6,2,4139,0
6,2,4018,0
6,2,4526,0
6,2,4873,0
6,2,4120,0
6,2,4183,0
6,2,4299,0
6,2,4033,0
6,2,4748,0
6,2,5276,0
6,2,5092,0
6,2,3972,0
6,2,4841,0
6,2,5430,0
6,2,4052,0
6,2,3885,0
6,2,3871,0
6,2,5183,0
6,2,4443,0
6,2,4214,0
6,2,5120,0
6,2,4420,0
6,2,3696,0
6,2,3835,0
6,2,4921,0
6,2,4093,0
6,3,4541,0
6,3,4543,0
6,3,4553,0
6,3,4558,0
6,3,4622,0
6,3,4701,0
6,3,4719,0
6,3,4727,0
6,3,4747,0
6,3,4772,0
6,3,4815,0
6,3,4820,0
6,3,4829,0
6,3,4855,0
6,3,4889,0
6,3,4055,0
6,3,4242,0
6,3,5014,0
6,3,5234,0
6,3,5085,0
6,3,3773,0
6,3,3951,0
6,3,4951,0
6,3,4157,0
6,3,4808,0
6,3,4000,0
6,3,4159,0
6,3,3722,0
6,3,4987,0
6,3,3946,0
6,3,3859,0
6,3,5272,0
6,3,5484,0
6,3,4949,0
6,3,3971,0
6,3,4533,0
6,3,4520,0
6,3,4609,0
6,3,5398,0
6,3,4619,0
6,3,5333,0
6,3,5299,0
6,3,5052,0
6,3,4011,0
6,3,5210,0
6,3,5260,0
6,3,4228,0
6,3,5011,0
6,3,5212,0
6,3,4355,0
6,3,3953,0
6,3,4928,0
6,3,4181,0
6,3,3789,0
6,3,4269,0
6,3,4514,0
6,3,5153,0
6,3,5207,0
6,3,4187,0
6,3,4327,0
6,3,4669,0
6,3,4642,0
6,3,4072,0
6,3,3767,0
6,3,4143,0
6,3,5393,0
6,3,5364,0
6,3,4346,0
6,3,4725,0
6,3,4811,0
6,3,4415,0
6,3,5195,0
6,3,4387,0
6,3,5161,0
6,3,5068,0
6,3,4535,0
6,3,4680,0
6,3,4958,0
6,3,4366,0
6,3,3906,0
6,3,5396,0
6,3,4682,0
6,3,4630,0
6,3,5030,0
6,3,5164,0
6,3,4570,0
6,3,4122,0
6,3,5401,0
6,3,4833,0
6,3,4786,0
6,3,5226,0
6,3,3728,0
6,3,4430,0
6,3,4351,0
6,3,5460,0
6,3,3989,0
6,3,3731,0
6,3,4485,0
6,3,3904,0
6,3,4874,0
6,3,4887,0
6,3,3646,0
6,3,4800,0
6,3,4551,0
6,3,4550,0
6,3,4411,0
6,3,4879,0
6,3,3825,0
6,3,4585,0
6,3,4579,0
6,3,5359,0
6,3,5437,0
6,3,4340,0
6,3,5416,0
6,3,3969,0
6,3,4638,0
6,3,5478,0
6,3,4364,0
6,3,4484,0
6,3,4941,0
6,3,5373,0
6,3,5291,0
6,3,5409,0
6,3,4376,0
6,3,3839,0
6,3,4893,0
6,3,5317,0
6,3,4758,0
6,3,4375,0
6,3,5235,0
6,3,4087,0
6,3,5399,0
6,3,5425,0
6,3,4714,0
6,3,3936,0
6,3,4676,0
6,3,4336,0
6,3,4677,0
6,3,4083,0
6,3,4957,0
6,3,4100,0
6,3,5378,0
6,3,5208,0
6,3,4648,0
6,3,4278,0
6,3,4253,0
6,3,4578,0
6,3,4147,0
6,3,4769,0
6,3,4779,0
6,3,5132,0
6,3,5067,0
6,3,3983,0
6,3,5428,0
6,3,3855,0
6,3,4283,0
6,3,4372,0
6,3,4404,0
6,3,4155,0
6,3,4026,0
6,3,5246,0
6,3,4127,0
6,3,4978,0
6,3,5279,0
6,3,5154,0
6,3,4489,0
6,3,4953,0
6,3,5083,0
6,3,4672,0
6,3,5147,0
6,3,3956,0
6,3,4560,0
6,3,5367,0
6,3,4287,0
6,3,4617,0
6,3,4835,0
6,3,5095,0
6,3,3962,0
6,3,5062,0
6,3,4189,0
6,3,4217,0
6,3,5331,0
6,3,5485,0
6,3,3974,0
6,3,3741,0
6,3,4154,0
6,3,3596,0
6,3,4134,0
6,3,4804,0
6,3,4574,0
6,3,4292,0
6,3,4814,0
6,3,4882,0
6,3,3670,0
6,3,5160,0
6,3,4045,0
6,3,5314,0
6,3,5166,0
6,3,4028,0
6,3,4419,0
6,4,4896,0
6,4,4900,0
6,4,4904,0
6,4,4920,0
6,4,4924,0
6,4,4933,0
6,4,4940,0
6,4,4956,0
6,4,4959,0
6,4,5000,0
6,4,5021,0
6,4,5037,0
6,4,5039,0
6,4,5040,0
6,4,5042,0
6,4,4031,0
6,4,4262,0
6,4,4640,0
6,4,4186,0
6,4,4483,0
6,4,4021,0
6,4,4679,0
6,4,4897,0
6,4,5093,0
6,4,4382,0
6,4,5175,0
6,4,4963,0
6,4,4110,0
6,4,4845,0
6,4,4515,0
6,4,5198,0
6,4,4236,0
6,4,5445,0
6,4,4588,0
6,4,5471,0
6,4,5405,0
6,4,4740,0
6,4,4912,0
6,4,5292,0
6,4,4860,0
6,4,4178,0
6,4,4413,0
6,4,4684,0
6,4,5360,0
6,4,5023,0
6,4,4673,0
6,4,3975,0
6,4,4746,0
6,4,5392,0
6,4,4239,0
6,4,3794,0
6,4,5056,0
6,4,5004,0
6,4,5001,0
6,4,5382,0
6,4,4875,0
6,4,5483,0
6,4,4883,0
6,4,5263,0
6,4,4608,0
6,4,4946,0
6,4,5457,0
6,4,4078,0
6,4,5443,0
6,4,5145,0
6,4,4441,0
6,4,5197,0
6,4,4653,0
6,4,4826,0
6,4,5383,0
6,4,3874,0
6,4,4470,0
6,4,5026,0
6,4,4822,0
6,4,4023,0
6,4,4611,0
6,4,4074,0
6,4,4710,0
6,4,3684,0
6,4,4335,0
6,4,4408,0
6,4,3702,0
6,4,5316,0
6,4,3813,0
6,4,4536,0
6,4,4165,0
6,4,4708,0
6,4,4350,0
6,4,3900,0
6,4,4723,0
6,4,4903,0
6,4,5201,0
6,4,5181,0
6,4,5366,0
6,4,4557,0
6,4,4105,0
6,4,4908,0
6,4,4542,0
6,4,5353,0
6,4,3941,0
6,4,3753,0
6,4,4289,0
6,4,4703,0
6,4,5070,0
6,4,5283,0
6,4,3866,0
6,4,4528,0
6,4,4548,0
6,4,4675,0
6,4,4330,0
6,4,3735,0
6,4,5150,0
6,4,4581,0
6,4,3762,0
6,4,3857,0
6,4,5312,0
6,4,4310,0
6,4,4194,0
6,4,5287,0
6,4,4303,0
6,4,4907,0
6,4,4690,0
6,4,4776,0
6,4,4290,0
6,4,4491,0
6,4,3967,0
6,4,5038,0
6,4,4195,0
6,4,4442,0
6,4,3861,0
6,4,4095,0
6,4,4534,0
6,4,4697,0
6,4,4667,0
6,4,4571,0
6,4,5284,0
6,4,4305,0
6,4,4926,0
6,4,3791,0
6,4,3980,0
6,4,4870,0
6,4,3814,0
6,4,4914,0
6,4,4687,0
6,4,3966,0
6,4,5290,0
6,4,3886,0
6,4,5255,0
6,4,5298,0
6,4,4715,0
6,4,4572,0
6,4,5288,0
6,4,5188,0
6,4,5482,0
6,4,4043,0
6,4,5006,0
6,4,5459,0
6,4,5192,0
6,4,4764,0
6,4,4353,0
6,4,4818,0
6,4,4803,0
6,4,4403,0
6,4,5304,0
6,4,3761,0
6,4,3960,0
6,4,4449,0
6,4,4986,0
6,4,4034,0
6,4,5182,0
6,4,3833,0
6,4,3926,0
6,4,5098,0
6,4,4620,0
6,4,4113,0
6,4,4744,0
6,4,4950,0
6,4,4057,0
6,4,5139,0
6,4,5088,0
6,4,4135,0
6,4,4501,0
6,4,4438,0
6,4,5268,0
6,4,4230,0
6,4,3876,0
6,4,4494,0
6,4,4942,0
6,4,4718,0
6,4,3993,0
6,4,4219,0
6,4,5452,0
6,4,4652,0
6,4,4464,0
6,4,4295,0
6,4,5090,0
6,4,5009,0
6,4,5362,0
6,4,5080,0
6,4,5185,0
6,5,5047,0
6,5,5048,0
6,5,5054,0
6,5,5084,0
6,5,5125,0
6,5,5158,0
6,5,5162,0
6,5,5169,0
6,5,5202,0
6,5,5256,0
6,5,5257,0
6,5,5259,0
6,5,5261,0
6,5,5265,0
6,5,5281,0
6,5,3799,0
6,5,5468,0
6,5,4142,0
6,5,5103,0
6,5,4347,0
6,5,4461,0
6,5,5340,0
6,5,5467,0
6,5,4819,0
6,5,5488,0
6,5,3879,0
6,5,4531,0
6,5,4081,0
6,5,5253,0
6,5,4255,0
6,5,4180,0
6,5,4749,0
6,5,4257,0
6,5,3955,0
6,5,5203,0
6,5,4339,0
6,5,5397,0
6,5,5209,0
6,5,3968,0
6,5,5329,0
6,5,5189,0
6,5,4349,0
6,5,4417,0
6,5,4111,0
6,5,3945,0
6,5,5349,0
6,5,4173,0
6,5,3889,0
6,5,4446,0
6,5,5476,0
6,5,3796,0
6,5,3725,0
6,5,5286,0
6,5,5289,0
6,5,3730,0
6,5,5469,0
6,5,5012,0
6,5,3934,0
6,5,5107,0
6,5,5370,0
6,5,3831,0
6,5,4453,0
6,5,4973,0
6,5,5065,0
6,5,4102,0
6,5,5057,0
6,5,4851,0
6,5,5376,0
6,5,4132,0
6,5,3685,0
6,5,4988,0
6,5,5121,0
6,5,4787,0
6,5,4865,0
6,5,4254,0
6,5,5326,0
6,5,4768,0
6,5,3687,0
6,5,4097,0
6,5,4594,0
6,5,3964,0
6,5,5072,0
6,5,4172,0
6,5,5116,0
6,5,5358,0
6,5,5245,0
6,5,4910,0
6,5,4537,0
6,5,5223,0
6,5,5365,0
6,5,5344,0
6,5,4919,0
6,5,3824,0
6,5,4007,0
6,5,3841,0
6,5,4503,0
6,5,5114,0
6,5,3776,0
6,5,4061,0
6,5,4569,0
6,5,4362,0
6,5,3822,0
6,5,3970,0
6,5,4490,0
6,5,4930,0
6,5,4760,0
6,5,4098,0
6,5,4369,0
6,5,5258,0
6,5,4462,0
6,5,3979,0
6,5,4649,0
6,5,4943,0
6,5,5431,0
6,5,5167,0
6,5,3902,0
6,5,5152,0
6,5,5215,0
6,5,4546,0
6,5,4990,0
6,5,4213,0
6,5,3827,0
6,5,5101,0
6,5,4717,0
6,5,5447,0
6,5,4492,0
6,5,5036,0
6,5,5110,0
6,5,4657,0
6,5,4482,0
6,5,3976,0
6,5,4229,0
6,5,4124,0
6,5,3856,0
6,5,4587,0
6,5,4509,0
6,5,4281,0
6,5,4761,0
6,5,4121,0
6,5,4025,0
6,5,4798,0
6,5,4265,0
6,5,5137,0
6,5,5248,0
6,5,4997,0
6,5,4613,0
6,5,5236,0
6,5,4664,0
6,5,4918,0
6,5,4984,0
6,5,4073,0
6,5,4634,0
6,5,3984,0
6,5,4210,0
6,5,4799,0
6,5,4872,0
6,5,4457,0
6,5,5129,0
6,5,4721,0
6,5,4066,0
6,5,4539,0
6,5,3718,0
6,5,4785,0
6,5,4227,0
6,5,3783,0
6,5,4696,0
6,5,4699,0
6,5,3985,0
6,5,4660,0
6,5,5191,0
6,5,5377,0
6,5,4964,0
6,5,5172,0
6,5,4400,0
6,5,4359,0
6,5,4736,0
6,5,5315,0
6,5,4645,0
6,5,4058,0
6,5,5066,0
6,5,4138,0
6,5,3878,0
6,5,3793,0
6,5,4406,0
6,5,4602,0
6,5,4806,0
6,5,4286,0
6,5,4322,0
6,5,4428,0
6,5,4824,0
6,5,4925,0
6,5,5049,0
6,5,4967,0
6,5,4564,0
6,5,5444,0
6,5,4726,0
6,5,4983,0
6,5,4993,0
6,5,5112,0
6,5,4547,0
6,6,5305,0
6,6,5306,0
6,6,5318,0
6,6,5348,0
6,6,5354,0
6,6,5380,0
6,6,5395,0
6,6,5411,0
6,6,5434,0
6,6,5440,0
6,6,5450,0
6,6,5461,0
6,6,5472,0
6,6,5475,0
6,6,5477,0
6,6,4014,0
6,6,5190,0
6,6,4164,0
6,6,4468,0
6,6,5455,0
6,6,4029,0
6,6,3999,0
6,6,5045,0
6,6,4089,0
6,6,5018,0
6,6,5474,0
6,6,4314,0
6,6,4312,0
6,6,4060,0
6,6,4158,0
6,6,3935,0
6,6,4266,0
6,6,5342,0
6,6,3786,0
6,6,4633,0
6,6,4429,0
6,6,4241,0
6,6,3820,0
6,6,4665,0
6,6,5069,0
6,6,4805,0
6,6,4235,0
6,6,4304,0
6,6,4129,0
6,6,4516,0
6,6,4979,0
6,6,4320,0
6,6,4801,0
6,6,4846,0
6,6,4843,0
6,6,4780,0
6,6,3910,0
6,6,5310,0
6,6,3659,0
6,6,4601,0
6,6,3802,0
6,6,4270,0
6,6,4258,0
6,6,4871,0
6,6,5157,0
6,6,4294,0
6,6,5309,0
6,6,4583,0
6,6,4425,0
6,6,5144,0
6,6,4169,0
6,6,3913,0
6,6,5427,0
6,6,5238,0
6,6,4989,0
6,6,3947,0
6,6,3865,0
6,6,5350,0
6,6,4378,0
6,6,5044,0
6,6,4119,0
6,6,4917,0
6,6,4751,0
6,6,4076,0
6,6,5146,0
6,6,4392,0
6,6,5228,0
6,6,5108,0
6,6,4580,0
6,6,5407,0
6,6,4905,0
6,6,4117,0
6,6,4377,0
6,6,4261,0
6,6,4145,0
6,6,4332,0
6,6,4777,0
6,6,5244,0
6,6,3894,0
6,6,3988,0
6,6,3940,0
6,6,4977,0
6,6,4050,0
6,6,3862,0
6,6,4238,0
6,6,5138,0
6,6,4263,0
6,6,4012,0
6,6,4689,0
6,6,5096,0
6,6,4471,0
6,6,4431,0
6,6,4863,0
6,6,4502,0
6,6,4519,0
6,6,4763,0
6,6,4368,0
6,6,5435,0
6,6,3807,0
6,6,5439,0
6,6,4475,0
6,6,5321,0
6,6,4511,0
6,6,4505,0
6,6,4635,0
6,6,5128,0
6,6,3828,0
6,6,3844,0
6,6,4038,0
6,6,5240,0
6,6,4681,0
6,6,4646,0
6,6,5262,0
6,6,4264,0
6,6,4698,0
6,6,4334,0
6,6,4576,0
6,6,3998,0
6,6,3896,0
6,6,4409,0
6,6,5079,0
6,6,5177,0
6,6,3838,0
6,6,5104,0
6,6,4059,0
6,6,4268,0
6,6,4495,0
6,6,4739,0
6,6,5464,0
6,6,4221,0
6,6,4226,0
6,6,4306,0
6,6,4898,0
6,6,4148,0
6,6,4596,0
6,6,4130,0
6,6,4020,0
6,6,4771,0
6,6,4175,0
6,6,3929,0
6,6,4166,0
6,6,3732,0
6,6,4565,0
6,6,4934,0
6,6,5106,0
6,6,5278,0
6,6,5470,0
6,6,3784,0
6,6,4140,0
6,6,5372,0
6,6,4354,0
6,6,4974,0
6,6,3749,0
6,6,4510,0
6,6,3939,0
6,6,5179,0
6,6,4319,0
6,6,4612,0
6,6,5217,0
6,6,4341,0
6,6,3860,0
6,6,3854,0
6,6,5237,0
6,6,4077,0
6,6,4463,0
6,6,4480,0
6,6,4288,0
6,6,5073,0
6,6,3801,0
6,6,4828,0
6,6,4042,0
6,6,4797,0
6,6,5142,0
6,6,5394,0
6,6,5454,0
6,6,4386,0
6,6,3782,0
6,6,4627,0
6,6,4152,0
6,6,5347,0
6,6,4842,0
6,6,3954,0
6,6,4115,0
6,6,3965,0
6,6,3715,0
7,1,6094,0
7,1,6158,0
7,1,6299,0
7,1,6314,0
7,1,6324,0
7,1,6434,0
7,1,6508,0
7,1,6520,0
7,1,6628,0
7,1,6719,0
7,1,6755,0
7,1,6761,0
7,1,6805,0
7,1,6813,0
7,1,6952,0
7,1,6973,0
7,1,6974,0
7,1,6205,0
7,1,7292,0
7,1,6420,0
7,1,6689,0
7,1,7635,0
7,1,6546,0
7,1,7026,0
7,1,6721,0
7,1,6663,0
7,1,7655,0
7,1,6876,0
7,1,8088,0
7,1,7015,0
7,1,7490,0
7,1,7045,0
7,1,7559,0
7,1,6423,0
7,1,6412,0
7,1,6583,0
7,1,7833,0
7,1,7829,0
7,1,7049,0
7,1,7396,0
7,1,6678,0
7,1,6541,0
7,1,6961,0
7,1,7166,0
7,1,6658,0
7,1,6836,0
7,1,6556,0
7,1,6451,0
7,1,7992,0
7,1,7044,0
7,1,6401,0
7,1,6669,0
7,1,6282,0
7,1,7922,0
7,1,8070,0
7,1,7006,0
7,1,6565,0
7,1,6715,0
7,1,6440,0
7,1,6651,0
7,1,7786,0
7,1,6856,0
7,1,7504,0
7,1,7518,0
7,1,7895,0
7,1,6191,0
7,1,7935,0
7,1,7732,0
7,1,6533,0
7,1,7417,0
7,1,8032,0
7,1,6614,0
7,1,6751,0
7,1,6531,0
7,1,7397,0
7,1,7062,0
7,1,7203,0
7,1,6403,0
7,1,7275,0
7,1,7626,0
7,1,7259,0
7,1,6256,0
7,1,7974,0
7,1,6823,0
7,1,6710,0
7,1,7547,0
7,1,6788,0
7,1,8100,0
7,1,7069,0
7,1,6894,0
7,1,6506,0
7,1,7228,0
7,1,7843,0
7,1,6958,0
7,1,6594,0
7,1,7009,0
7,1,6454,0
7,1,6849,0
7,1,6902,0
7,1,8052,0
7,1,7382,0
7,1,6130,0
7,1,7813,0
7,1,6203,0
7,1,6306,0
7,1,7270,0
7,1,6916,0
7,1,7283,0
7,1,7564,0
7,1,7023,0
7,1,7540,0
7,1,7819,0
7,1,6345,0
7,1,6484,0
7,1,6609,0
7,1,7506,0
7,1,6853,0
7,1,8113,0
7,1,6280,0
7,1,6877,0
7,1,7498,0
7,1,6976,0
7,1,6224,0
7,1,7204,0
7,1,6564,0
7,1,6985,0
7,1,6133,0
7,1,7991,0
7,1,6544,0
7,1,8006,0
7,1,7698,0
7,1,6640,0
7,1,6843,0
7,1,6791,0
7,1,7352,0
7,1,6596,0
7,1,6381,0
7,1,7637,0
7,1,7242,0
7,1,7708,0
7,1,7632,0
7,1,8066,0
7,1,7861,0
7,1,6931,0
7,1,7814,0
7,1,6799,0
7,1,7433,0
7,1,7888,0
7,1,6738,0
7,1,7548,0
7,1,7413,0
7,1,8012,0
7,1,6359,0
7,1,7327,0
7,1,7554,0
7,1,7596,0
7,1,7578,0
7,1,6261,0
7,1,7286,0
7,1,7005,0
7,1,7545,0
7,1,7743,0
7,1,6055,0
7,1,7603,0
7,1,7108,0
7,1,8056,0
7,1,7670,0
7,1,7948,0
7,1,7714,0
7,1,6269,0
7,1,6571,0
7,1,7207,0
7,1,6950,0
7,1,7776,0
7,1,6163,0
7,1,6846,0
7,1,6652,0
7,1,6643,0
7,1,6253,0
7,1,6143,0
7,1,6558,0
7,1,6389,0
7,1,7028,0
7,1,6273,0
7,1,6272,0
7,1,6589,0
7,1,7595,0
7,1,7458,0
7,1,7127,0
7,1,6634,0
7,1,7533,0
7,1,7549,0
7,1,7841,0
7,1,7768,0
7,1,7573,0
7,1,6612,0
7,1,7836,0
7,1,7227,0
7,1,7676,0
7,1,7750,0
7,2,6999,0
7,2,7001,0
7,2,7027,0
7,2,7059,0
7,2,7073,0
7,2,7083,0
7,2,7088,0
7,2,7201,0
7,2,7238,0
7,2,7240,0
7,2,7282,0
7,2,7294,0
7,2,7310,0
7,2,7324,0
7,2,7331,0
7,2,7342,0
7,2,7347,0
7,2,6352,0
7,2,7055,0
7,2,7024,0
7,2,6283,0
7,2,7622,0
7,2,8002,0
7,2,7785,0
7,2,7616,0
7,2,6229,0
7,2,6415,0
7,2,7427,0
7,2,7611,0
7,2,7538,0
7,2,7150,0
7,2,7715,0
7,2,7879,0
7,2,7209,0
7,2,7370,0
7,2,6910,0
7,2,6442,0
7,2,7805,0
7,2,6418,0
7,2,7806,0
7,2,6839,0
7,2,6177,0
7,2,7020,0
7,2,6661,0
7,2,6659,0
7,2,6498,0
7,2,6439,0
7,2,6519,0
7,2,8144,0
7,2,7157,0
7,2,7968,0
7,2,6139,0
7,2,7783,0
7,2,7332,0
7,2,6109,0
7,2,7599,0
7,2,6980,0
7,2,6396,0
7,2,7828,0
7,2,7118,0
7,2,7544,0
7,2,7532,0
7,2,6526,0
7,2,7718,0
7,2,7667,0
7,2,8072,0
7,2,7769,0
7,2,8077,0
7,2,7135,0
7,2,7652,0
7,2,6713,0
7,2,7418,0
7,2,7792,0
7,2,6202,0
7,2,7144,0
7,2,7620,0
7,2,7960,0
7,2,7245,0
7,2,8007,0
7,2,7513,0
7,2,7525,0
7,2,7280,0
7,2,6784,0
7,2,6466,0
7,2,6773,0
7,2,7205,0
7,2,6933,0
7,2,6635,0
7,2,6136,0
7,2,6792,0
7,2,6753,0
7,2,7535,0
7,2,6848,0
7,2,7751,0
7,2,6998,0
7,2,7151,0
7,2,6826,0
7,2,7689,0
7,2,6384,0
7,2,7290,0
7,2,7571,0
7,2,6295,0
7,2,7313,0
7,2,7084,0
7,2,6987,0
7,2,6769,0
7,2,8141,0
7,2,6654,0
7,2,6424,0
7,2,6949,0
7,2,7976,0
7,2,7244,0
7,2,7778,0
7,2,6590,0
7,2,6859,0
7,2,6144,0
7,2,7058,0
7,2,6137,0
7,2,6852,0
7,2,7363,0
7,2,7568,0
7,2,7898,0
7,2,7114,0
7,2,6444,0
7,2,7915,0
7,2,7633,0
7,2,7305,0
7,2,7946,0
7,2,7605,0
7,2,6182,0
7,2,6378,0
7,2,6631,0
7,2,6655,0
7,2,7124,0
7,2,6443,0
7,2,6507,0
7,2,7938,0
7,2,6457,0
7,2,6566,0
7,2,6884,0
7,2,7606,0
7,2,6274,0
7,2,7432,0
7,2,6362,0
7,2,8039,0
7,2,6831,0
7,2,6527,0
7,2,6242,0
7,2,7877,0
7,2,7428,0
7,2,7952,0
7,2,6184,0
7,2,6505,0
7,2,8029,0
7,2,7257,0
7,2,6206,0
7,2,7010,0
7,2,6653,0
7,2,6796,0
7,2,6248,0
7,2,6268,0
7,2,7317,0
7,2,6731,0
7,2,7113,0
7,2,7378,0
7,2,7988,0
7,2,7117,0
7,2,8106,0
7,2,6656,0
7,2,6610,0
7,2,6433,0
7,2,6098,0
7,2,6173,0
7,2,6914,0
7,2,6807,0
7,2,7011,0
7,2,7225,0
7,2,6781,0
7,2,6155,0
7,2,6502,0
7,2,7214,0
7,2,6676,0
7,2,6448,0
7,2,6400,0
7,2,7998,0
7,2,7959,0
7,2,7218,0
7,2,6778,0
7,2,7281,0
7,2,7602,0
7,2,6815,0
7,2,7990,0
7,2,6393,0
7,2,6559,0
7,2,6736,0
7,2,7304,0
7,2,6337,0
7,2,7307,0
7,2,6469,0
7,2,6338,0
7,3,7390,0
7,3,7392,0
7,3,7394,0
7,3,7395,0
7,3,7405,0
7,3,7416,0
7,3,7431,0
7,3,7447,0
7,3,7454,0
7,3,7463,0
7,3,7475,0
7,3,7509,0
7,3,7514,0
7,3,7520,0
7,3,7555,0
7,3,7558,0
7,3,7580,0
7,3,6246,0
7,3,7823,0
7,3,6995,0
7,3,7291,0
7,3,7134,0
7,3,7160,0
7,3,6081,0
7,3,7691,0
7,3,8037,0
7,3,6670,0
7,3,7351,0
7,3,7582,0
7,3,7878,0
7,3,8131,0
7,3,6997,0
7,3,6450,0
7,3,7519,0
7,3,6684,0
7,3,6276,0
7,3,7452,0
7,3,6702,0
7,3,6924,0
7,3,7115,0
7,3,6569,0
7,3,7537,0
7,3,7913,0
7,3,6757,0
7,3,7036,0
7,3,6984,0
7,3,6946,0
7,3,8027,0
7,3,7111,0
7,3,7309,0
7,3,6265,0
7,3,7383,0
7,3,8120,0
7,3,6716,0
7,3,6857,0
7,3,6186,0
7,3,6828,0
7,3,7890,0
7,3,7467,0
7,3,7420,0
7,3,6289,0
7,3,6067,0
7,3,6406,0
7,3,7129,0
7,3,6236,0
7,3,6782,0
7,3,7408,0
7,3,7110,0
7,3,6159,0
7,3,7430,0
7,3,7565,0
7,3,7319,0
7,3,6394,0
7,3,7610,0
7,3,7070,0
7,3,7398,0
7,3,6615,0
7,3,6860,0
7,3,7711,0
7,3,7102,0
7,3,6325,0
7,3,7019,0
7,3,6601,0
7,3,6427,0
7,3,6395,0
7,3,7827,0
7,3,6890,0
7,3,8050,0
7,3,7730,0
7,3,8097,0
7,3,7371,0
7,3,6595,0
7,3,6754,0
7,3,6121,0
7,3,6477,0
7,3,6975,0
7,3,6938,0
7,3,6775,0
7,3,7154,0
7,3,6132,0
7,3,6452,0
7,3,6763,0
7,3,6539,0
7,3,7107,0
7,3,6315,0
7,3,6630,0
7,3,6148,0
7,3,6587,0
7,3,6996,0
7,3,7934,0
7,3,6481,0
7,3,7569,0
7,3,6300,0
7,3,7592,0
7,3,6667,0
7,3,6199,0
7,3,6801,0
7,3,6286,0
7,3,8115,0
7,3,6249,0
7,3,7339,0
7,3,7570,0
7,3,7080,0
7,3,6704,0
7,3,6951,0
7,3,6919,0
7,3,7951,0
7,3,6745,0
7,3,6447,0
7,3,6802,0
7,3,6567,0
7,3,7449,0
7,3,7969,0
7,3,6683,0
7,3,8061,0
7,3,7091,0
7,3,6287,0
7,3,7415,0
7,3,8005,0
7,3,7445,0
7,3,7002,0
7,3,6410,0
7,3,7274,0
7,3,7681,0
7,3,7623,0
7,3,6297,0
7,3,6602,0
7,3,7365,0
7,3,7717,0
7,3,7146,0
7,3,6319,0
7,3,6881,0
7,3,7757,0
7,3,7081,0
7,3,6416,0
7,3,8013,0
7,3,7794,0
7,3,6120,0
7,3,7016,0
7,3,6979,0
7,3,6562,0
7,3,7534,0
7,3,6431,0
7,3,6207,0
7,3,7897,0
7,3,8085,0
7,3,7161,0
7,3,7684,0
7,3,6529,0
7,3,7563,0
7,3,6787,0
7,3,7675,0
7,3,7706,0
7,3,7975,0
7,3,7267,0
7,3,6491,0
7,3,6711,0
7,3,6817,0
7,3,7996,0
7,3,7517,0
7,3,6798,0
7,3,7615,0
7,3,6824,0
7,3,7116,0
7,3,6967,0
7,3,7379,0
7,3,6766,0
7,3,7358,0
7,3,7406,0
7,3,7511,0
7,3,6746,0
7,3,6462,0
7,3,7064,0
7,3,6883,0
7,3,6111,0
7,3,7410,0
7,3,7526,0
7,3,7892,0
7,3,7674,0
7,3,6633,0
7,4,7594,0
7,4,7609,0
7,4,7630,0
7,4,7634,0
7,4,7659,0
7,4,7660,0
7,4,7665,0
7,4,7668,0
7,4,7671,0
7,4,7696,0
7,4,7699,0
7,4,7700,0
7,4,7702,0
7,4,7709,0
7,4,7729,0
7,4,7735,0
7,4,7753,0
7,4,6867,0
7,4,7374,0
7,4,7106,0
7,4,7316,0
7,4,7736,0
7,4,7422,0
7,4,7260,0
7,4,6932,0
7,4,7981,0
7,4,7773,0
7,4,6783,0
7,4,7669,0
7,4,7987,0
7,4,7262,0
7,4,8118,0
7,4,7038,0
7,4,8069,0
7,4,6474,0
7,4,6428,0
7,4,8138,0
7,4,7461,0
7,4,6373,0
7,4,6149,0
7,4,6363,0
7,4,8033,0
7,4,7891,0
7,4,6688,0
7,4,7277,0
7,4,6717,0
7,4,6245,0
7,4,7484,0
7,4,7423,0
7,4,7346,0
7,4,7997,0
7,4,6797,0
7,4,7607,0
7,4,6397,0
7,4,6187,0
7,4,6623,0
7,4,6888,0
7,4,8104,0
7,4,6243,0
7,4,7728,0
7,4,6779,0
7,4,6929,0
7,4,6493,0
7,4,7198,0
7,4,6279,0
7,4,7047,0
7,4,7712,0
7,4,7654,0
7,4,7587,0
7,4,6528,0
7,4,6266,0
7,4,6140,0
7,4,7880,0
7,4,6971,0
7,4,6918,0
7,4,7470,0
7,4,6625,0
7,4,7567,0
7,4,7145,0
7,4,6600,0
7,4,7584,0
7,4,7803,0
7,4,7247,0
7,4,8128,0
7,4,7690,0
7,4,6438,0
7,4,6312,0
7,4,6666,0
7,4,6437,0
7,4,6257,0
7,4,8083,0
7,4,6263,0
7,4,7235,0
7,4,7000,0
7,4,6747,0
7,4,6604,0
7,4,7136,0
7,4,6597,0
7,4,6611,0
7,4,6197,0
7,4,6672,0
7,4,8057,0
7,4,6777,0
7,4,8109,0
7,4,7574,0
7,4,6893,0
7,4,6291,0
7,4,6234,0
7,4,6471,0
7,4,7945,0
7,4,7521,0
7,4,6353,0
7,4,7590,0
7,4,7733,0
7,4,6551,0
7,4,7854,0
7,4,8004,0
7,4,7493,0
7,4,7516,0
7,4,6514,0
7,4,6582,0
7,4,6879,0
7,4,8047,0
7,4,6175,0
7,4,5977,0
7,4,7851,0
7,4,6154,0
7,4,7793,0
7,4,7796,0
7,4,7855,0
7,4,7325,0
7,4,6165,0
7,4,6851,0
7,4,7373,0
7,4,7094,0
7,4,7927,0
7,4,6516,0
7,4,7619,0
7,4,6637,0
7,4,8135,0
7,4,6449,0
7,4,7226,0
7,4,7384,0
7,4,7320,0
7,4,7434,0
7,4,6646,0
7,4,7112,0
7,4,7651,0
7,4,6638,0
7,4,7236,0
7,4,7722,0
7,4,7614,0
7,4,7221,0
7,4,7375,0
7,4,6348,0
7,4,7288,0
7,4,6079,0
7,4,7601,0
7,4,7503,0
7,4,7780,0
7,4,6964,0
7,4,6854,0
7,4,6732,0
7,4,7682,0
7,4,7673,0
7,4,6735,0
7,4,7908,0
7,4,6966,0
7,4,6458,0
7,4,7541,0
7,4,6720,0
7,4,7906,0
7,4,7103,0
7,4,6118,0
7,4,6230,0
7,4,6878,0
7,4,6699,0
7,4,7551,0
7,4,6483,0
7,4,7852,0
7,4,7483,0
7,4,7810,0
7,4,7738,0
7,4,7338,0
7,4,8055,0
7,4,8107,0
7,4,7784,0
7,4,6534,0
7,4,8059,0
7,4,6368,0
7,4,7822,0
7,4,7249,0
7,4,6179,0
7,4,6252,0
7,4,7220,0
7,4,7153,0
7,4,6955,0
7,4,7289,0
7,4,6789,0
7,4,7591,0
7,5,7758,0
7,5,7762,0
7,5,7766,0
7,5,7799,0
7,5,7808,0
7,5,7809,0
7,5,7815,0
7,5,7817,0
7,5,7830,0
7,5,7842,0
7,5,7844,0
7,5,7853,0
7,5,7856,0
7,5,7870,0
7,5,7875,0
7,5,7883,0
7,5,7884,0
7,5,7731,0
7,5,7646,0
7,5,7279,0
7,5,7480,0
7,5,6478,0
7,5,7478,0
7,5,6485,0
7,5,7163,0
7,5,6605,0
7,5,6765,0
7,5,7862,0
7,5,7473,0
7,5,8041,0
7,5,6217,0
7,5,6901,0
7,5,7955,0
7,5,6350,0
7,5,7949,0
7,5,7266,0
7,5,6488,0
7,5,6947,0
7,5,7121,0
7,5,8071,0
7,5,7326,0
7,5,6550,0
7,5,6303,0
7,5,6215,0
7,5,8142,0
7,5,6494,0
7,5,7710,0
7,5,7054,0
7,5,6542,0
7,5,6476,0
7,5,7680,0
7,5,7202,0
7,5,7078,0
7,5,6908,0
7,5,7501,0
7,5,7798,0
7,5,6712,0
7,5,7754,0
7,5,6095,0
7,5,7900,0
7,5,6841,0
7,5,7825,0
7,5,7087,0
7,5,6210,0
7,5,6989,0
7,5,6388,0
7,5,6421,0
7,5,6662,0
7,5,6708,0
7,5,6694,0
7,5,7925,0
7,5,6586,0
7,5,7429,0
7,5,6535,0
7,5,6927,0
7,5,7576,0
7,5,7612,0
7,5,7132,0
7,5,6335,0
7,5,6794,0
7,5,6733,0
7,5,6709,0
7,5,6208,0
7,5,7253,0
7,5,6204,0
7,5,6209,0
7,5,7039,0
7,5,7572,0
7,5,7261,0
7,5,7496,0
7,5,6776,0
7,5,6928,0
7,5,6917,0
7,5,7075,0
7,5,7967,0
7,5,6574,0
7,5,7071,0
7,5,7713,0
7,5,6344,0
7,5,7664,0
7,5,7222,0
7,5,7329,0
7,5,6617,0
7,5,7446,0
7,5,7995,0
7,5,6795,0
7,5,7963,0
7,5,6226,0
7,5,7871,0
7,5,6900,0
7,5,7920,0
7,5,6472,0
7,5,6960,0
7,5,8065,0
7,5,7917,0
7,5,6270,0
7,5,7152,0
7,5,7940,0
7,5,6660,0
7,5,7212,0
7,5,7560,0
7,5,7781,0
7,5,7726,0
7,5,6963,0
7,5,7685,0
7,5,6218,0
7,5,6639,0
7,5,6168,0
7,5,6470,0
7,5,7067,0
7,5,6334,0
7,5,7919,0
7,5,7589,0
7,5,7644,0
7,5,8108,0
7,5,7066,0
7,5,6530,0
7,5,6956,0
7,5,7970,0
7,5,7477,0
7,5,6342,0
7,5,6386,0
7,5,6490,0
7,5,6774,0
7,5,7747,0
7,5,6555,0
7,5,7460,0
7,5,7860,0
7,5,6147,0
7,5,7912,0
7,5,7323,0
7,5,7962,0
7,5,6162,0
7,5,7725,0
7,5,6518,0
7,5,7536,0
7,5,6707,0
7,5,8095,0
7,5,6734,0
7,5,6570,0
7,5,7820,0
7,5,6636,0
7,5,7492,0
7,5,8016,0
7,5,7032,0
7,5,7089,0
7,5,6290,0
7,5,7954,0
7,5,7233,0
7,5,7437,0
7,5,6294,0
7,5,6113,0
7,5,6262,0
7,5,6744,0
7,5,7322,0
7,5,6806,0
7,5,8125,0
7,5,7268,0
7,5,6889,0
7,5,8023,0
7,5,6921,0
7,5,6521,0
7,5,8126,0
7,5,6157,0
7,5,7393,0
7,5,6560,0
7,5,6285,0
7,5,7448,0
7,5,7211,0
7,5,7647,0
7,5,7256,0
7,5,7804,0
7,5,7985,0
7,5,6616,0
7,5,6869,0
7,5,6258,0
7,5,6627,0
7,5,6532,0
7,5,7366,0
7,5,7364,0
7,6,7885,0
7,6,7894,0
7,6,7899,0
7,6,7903,0
7,6,7911,0
7,6,7929,0
7,6,7933,0
7,6,7956,0
7,6,7957,0
7,6,7964,0
7,6,7965,0
7,6,7973,0
7,6,7977,0
7,6,7982,0
7,6,7983,0
7,6,7999,0
7,6,8000,0
7,6,6705,0
7,6,8091,0
7,6,6322,0
7,6,7312,0
7,6,6379,0
7,6,7186,0
7,6,6461,0
7,6,6479,0
7,6,8035,0
7,6,7869,0
7,6,7306,0
7,6,8009,0
7,6,7512,0
7,6,6357,0
7,6,7923,0
7,6,7628,0
7,6,6899,0
7,6,7932,0
7,6,6264,0
7,6,6110,0
7,6,6969,0
7,6,7586,0
7,6,7210,0
7,6,8087,0
7,6,7265,0
7,6,6832,0
7,6,6492,0
7,6,8111,0
7,6,6198,0
7,6,8136,0
7,6,6489,0
7,6,6152,0
7,6,7835,0
7,6,7223,0
7,6,7971,0
7,6,7061,0
7,6,7491,0
7,6,6464,0
7,6,7442,0
7,6,7522,0
7,6,8114,0
7,6,7008,0
7,6,6271,0
7,6,6321,0
7,6,6365,0
7,6,6422,0
7,6,6188,0
7,6,7909,0
7,6,6939,0
7,6,7140,0
7,6,7942,0
7,6,7142,0
7,6,7355,0
7,6,6800,0
7,6,7789,0
7,6,7645,0
7,6,6764,0
7,6,7556,0
7,6,7199,0
7,6,6680,0
7,6,6545,0
7,6,7213,0
7,6,7411,0
7,6,6407,0
7,6,7641,0
7,6,7500,0
7,6,7128,0
7,6,7012,0
7,6,6904,0
7,6,8127,0
7,6,7034,0
7,6,7701,0
7,6,7916,0
7,6,6871,0
7,6,6195,0
7,6,7812,0
7,6,7777,0
7,6,7865,0
7,6,8080,0
7,6,6585,0
7,6,6128,0
7,6,6317,0
7,6,6323,0
7,6,7575,0
7,6,6875,0
7,6,6940,0
7,6,6525,0
7,6,7679,0
7,6,6568,0
7,6,6580,0
7,6,7734,0
7,6,6377,0
7,6,6465,0
7,6,7425,0
7,6,7719,0
7,6,6320,0
7,6,6151,0
7,6,6102,0
7,6,6695,0
7,6,6223,0
7,6,8096,0
7,6,7025,0
7,6,7581,0
7,6,6346,0
7,6,6897,0
7,6,7848,0
7,6,6592,0
7,6,7662,0
7,6,7357,0
7,6,6326,0
7,6,7348,0
7,6,7529,0
7,6,7099,0
7,6,6549,0
7,6,7285,0
7,6,7345,0
7,6,7122,0
7,6,6552,0
7,6,7966,0
7,6,8112,0
7,6,6200,0
7,6,7095,0
7,6,6180,0
7,6,7337,0
7,6,7076,0
7,6,7986,0
7,6,6752,0
7,6,7921,0
7,6,7779,0
7,6,7464,0
7,6,7234,0
7,6,7459,0
7,6,6833,0
7,6,7752,0
7,6,6171,0
7,6,6301,0
7,6,6538,0
7,6,7400,0
7,6,7063,0
7,6,6772,0
7,6,8110,0
7,6,7553,0
7,6,7137,0
7,6,7905,0
7,6,6895,0
7,6,7372,0
7,6,6572,0
7,6,8038,0
7,6,6673,0
7,6,6364,0
7,6,6405,0
7,6,6293,0
7,6,6626,0
7,6,6829,0
7,6,6723,0
7,6,8021,0
7,6,7273,0
7,6,8046,0
7,6,6358,0
7,6,7552,0
7,6,6503,0
7,6,7524,0
7,6,6575,0
7,6,6993,0
7,6,6509,0
7,6,7311,0
7,6,6046,0
7,6,6463,0
7,6,6241,0
7,6,7566,0
7,6,8079,0
7,6,7832,0
7,6,6978,0
7,6,6664,0
7,6,7588,0
7,6,7561,0
7,6,6392,0
7,6,7539,0
7,6,7296,0
7,6,7840,0
7,6,7021,0
7,6,6468,0
7,6,7745,0
7,7,8003,0
7,7,8010,0
7,7,8011,0
7,7,8019,0
7,7,8020,0
7,7,8031,0
7,7,8034,0
7,7,8042,0
7,7,8043,0
7,7,8060,0
7,7,8068,0
7,7,8089,0
7,7,8090,0
7,7,8093,0
7,7,8099,0
7,7,8129,0
7,7,7839,0
7,7,7287,0
7,7,7344,0
7,7,6547,0
7,7,8028,0
7,7,7542,0
7,7,6088,0
7,7,6957,0
7,7,6786,0
7,7,7301,0
7,7,6906,0
7,7,6313,0
7,7,6327,0
7,7,6620,0
7,7,7639,0
7,7,6413,0
7,7,7744,0
7,7,6827,0
7,7,7657,0
7,7,7079,0
7,7,6432,0
7,7,6126,0
7,7,6056,0
7,7,8086,0
7,7,8054,0
7,7,6685,0
7,7,6647,0
7,7,7014,0
7,7,6247,0
7,7,7723,0
7,7,8049,0
7,7,6117,0
7,7,6108,0
7,7,7742,0
7,7,7629,0
7,7,6835,0
7,7,7947,0
7,7,6718,0
7,7,7838,0
7,7,6681,0
7,7,7003,0
7,7,6441,0
7,7,6548,0
7,7,7360,0
7,7,7466,0
7,7,7826,0
7,7,7585,0
7,7,6837,0
7,7,7251,0
7,7,7057,0
7,7,7414,0
7,7,6603,0
7,7,6563,0
7,7,7767,0
7,7,8139,0
7,7,7727,0
7,7,8133,0
7,7,7239,0
7,7,7597,0
7,7,6942,0
7,7,7018,0
7,7,7479,0
7,7,6994,0
7,7,7380,0
7,7,7818,0
7,7,7978,0
7,7,7546,0
7,7,7208,0
7,7,6107,0
7,7,6768,0
7,7,7359,0
7,7,7101,0
7,7,7791,0
7,7,7441,0
7,7,7724,0
7,7,7041,0
7,7,6909,0
7,7,8074,0
7,7,7133,0
7,7,7636,0
7,7,6845,0
7,7,6425,0
7,7,7438,0
7,7,6675,0
7,7,6237,0
7,7,6677,0
7,7,6446,0
7,7,7872,0
7,7,6553,0
7,7,6383,0
7,7,8076,0
7,7,8022,0
7,7,6968,0
7,7,7162,0
7,7,8081,0
7,7,6255,0
7,7,6606,0
7,7,7139,0
7,7,6382,0
7,7,7096,0
7,7,7557,0
7,7,6588,0
7,7,6106,0
7,7,6250,0
7,7,7336,0
7,7,6020,0
7,7,6473,0
7,7,6760,0
7,7,7217,0
7,7,7457,0
7,7,6333,0
7,7,6360,0
7,7,6504,0
7,7,6598,0
7,7,7748,0
7,7,6986,0
7,7,8101,0
7,7,8073,0
7,7,7455,0
7,7,7048,0
7,7,6819,0
7,7,7740,0
7,7,7424,0
7,7,6970,0
7,7,6240,0
7,7,6913,0
7,7,6912,0
7,7,7148,0
7,7,7495,0
7,7,6430,0
7,7,7043,0
7,7,7984,0
7,7,6307,0
7,7,7759,0
7,7,7755,0
7,7,6216,0
7,7,6621,0
7,7,8098,0
7,7,7004,0
7,7,6277,0
7,7,7104,0
7,7,6629,0
7,7,6167,0
7,7,7944,0
7,7,6227,0
7,7,7271,0
7,7,7051,0
7,7,6160,0
7,7,7858,0
7,7,8103,0
7,7,7472,0
7,7,6892,0
7,7,6156,0
7,7,7318,0
7,7,8024,0
7,7,6905,0
7,7,6122,0
7,7,6650,0
7,7,6982,0
7,7,7749,0
7,7,6953,0
7,7,6134,0
7,7,8017,0
7,7,6161,0
7,7,6228,0
7,7,6281,0
7,7,7530,0
7,7,7216,0
7,7,6166,0
7,7,8119,0
7,7,7926,0
7,7,7231,0
7,7,8036,0
7,7,6577,0
7,7,6414,0
7,7,6954,0
7,7,7299,0
7,7,6756,0
7,7,8078,0
7,7,6858,0
7,7,7426,0
7,7,6318,0
7,7,7349,0
7,7,7450,0
8,1,8336,0
8,1,8338,0
8,1,8352,0
8,1,8353,0
8,1,8354,0
8,1,8373,0
8,1,8416,0
8,1,8431,0
8,1,8469,0
8,1,8514,0
8,1,8542,0
8,1,8545,0
8,1,8599,0
8,1,8644,0
8,1,8647,0
8,1,8674,0
8,1,8685,0
8,1,8688,0
8,1,8941,0
8,1,8322,0
8,1,8409,0
8,1,8600,0
8,1,8746,0
8,1,8554,0
8,1,8890,0
8,1,8661,0
8,1,8950,0
8,1,8513,0
8,1,8763,0
8,1,8792,0
8,1,8397,0
8,1,8294,0
8,1,8503,0
8,1,8418,0
8,1,8682,0
8,1,8883,0
8,1,8439,0
8,1,8233,0
8,1,8340,0
8,1,8801,0
8,1,8390,0
8,1,8719,0
8,1,8567,0
8,1,8684,0
8,1,8650,0
8,1,8934,0
8,1,8473,0
8,1,8449,0
8,1,8741,0
8,1,8769,0
8,1,8696,0
8,1,8487,0
8,1,8622,0
8,1,8942,0
8,1,8702,0
8,1,8721,0
8,1,8729,0
8,1,8486,0
8,1,8689,0
8,1,8926,0
8,1,8762,0
8,1,8580,0
8,1,8730,0
8,1,8843,0
8,1,8543,0
8,1,8508,0
8,1,8385,0
8,1,8391,0
8,1,8957,0
8,1,8623,0
8,1,8502,0
8,1,8529,0
8,1,8876,0
8,1,8742,0
8,1,8875,0
8,1,8456,0
8,1,8810,0
8,1,8905,0
8,1,8601,0
8,1,8777,0
8,1,8460,0
8,1,8558,0
8,1,8505,0
8,1,8744,0
8,1,8424,0
8,1,8791,0
8,1,8605,0
8,1,8296,0
8,1,8443,0
8,1,8949,0
8,1,8497,0
8,1,8732,0
8,1,8408,0
8,1,8344,0
8,1,8506,0
8,1,8938,0
8,1,8445,0
8,1,8333,0
8,1,8835,0
8,1,8446,0
8,1,8324,0
8,1,8314,0
8,1,8945,0
8,1,8358,0
8,1,8395,0
8,1,8301,0
8,1,8880,0
8,1,8767,0
8,1,8951,0
8,1,8697,0
8,1,8388,0
8,1,8714,0
8,1,8316,0
8,1,8712,0
8,1,8485,0
8,1,8470,0
8,1,8491,0
8,1,8648,0
8,1,8348,0
8,1,8895,0
8,1,8766,0
8,1,8438,0
8,1,8652,0
8,1,8585,0
8,1,8708,0
8,1,8426,0
8,1,8515,0
8,1,8453,0
8,1,8398,0
8,1,8537,0
8,1,8350,0
8,1,8780,0
8,1,8681,0
8,1,8806,0
8,1,8683,0
8,1,8717,0
8,1,8618,0
8,1,8947,0
8,1,8339,0
8,1,8776,0
8,1,8535,0
8,1,8854,0
8,1,8956,0
8,1,8381,0
8,1,8775,0
8,1,8335,0
8,1,8332,0
8,1,8739,0
8,1,8625,0
8,1,8577,0
8,1,8528,0
8,1,8481,0
8,1,8472,0
8,1,8924,0
8,1,8384,0
8,1,8598,0
8,1,8604,0
8,1,8656,0
8,1,8828,0
8,1,8592,0
8,1,8451,0
8,1,8406,0
8,1,8380,0
8,1,8562,0
8,1,8896,0
8,1,8726,0
8,1,8822,0
8,1,8462,0
8,1,8603,0
8,1,8500,0
8,1,8888,0
8,1,8628,0
8,1,8704,0
8,1,8925,0
8,1,8666,0
8,1,8826,0
8,1,8479,0
8,1,8680,0
8,1,8958,0
8,1,8906,0
8,1,8899,0
8,1,8401,0
8,1,8369,0
8,1,8627,0
8,1,8691,0
8,1,8877,0
8,1,8819,0
8,1,8745,0
8,1,8410,0
8,1,8919,0
8,1,8892,0
8,1,8534,0
8,1,8962,0
8,1,8827,0
8,1,8552,0
8,1,8584,0
8,1,8887,0
8,1,8341,0
8,1,8779,0
8,1,8371,0
8,2,8709,0
8,2,8718,0
8,2,8757,0
8,2,8764,0
8,2,8783,0
8,2,8788,0
8,2,8817,0
8,2,8824,0
8,2,8839,0
8,2,8851,0
8,2,8866,0
8,2,8867,0
8,2,8881,0
8,2,8894,0
8,2,8920,0
8,2,8952,0
8,2,8961,0
8,2,8539,0
8,2,8516,0
8,2,8425,0
8,2,8955,0
8,2,8913,0
8,2,8737,0
8,2,8929,0
8,2,8794,0
8,2,8420,0
8,2,8482,0
8,2,8716,0
8,2,8570,0
8,2,8364,0
8,2,8773,0
8,2,8362,0
8,2,8523,0
8,2,8507,0
8,2,8532,0
8,2,8692,0
8,2,8428,0
8,2,8363,0
8,2,8787,0
8,2,8433,0
8,2,8900,0
8,2,8815,0
8,2,8319,0
8,2,8710,0
8,2,8321,0
8,2,8602,0
8,2,8440,0
8,2,8427,0
8,2,8483,0
8,2,8693,0
8,2,8415,0
8,2,8856,0
8,2,8538,0
8,2,8904,0
8,2,8728,0
8,2,8738,0
8,2,8356,0
8,2,8935,0
8,2,8847,0
8,2,8620,0
8,2,8287,0
8,2,8441,0
8,2,8412,0
8,2,8669,0
8,2,8677,0
8,2,8695,0
8,2,8382,0
8,2,8392,0
8,2,8932,0
8,2,8912,0
8,2,8679,0
8,2,8511,0
8,2,8435,0
8,2,8869,0
8,2,8521,0
8,2,8743,0
8,2,8351,0
8,2,8811,0
8,2,8621,0
8,2,8437,0
8,2,8616,0
8,2,8715,0
8,2,8298,0
8,2,8770,0
8,2,8868,0
8,2,8755,0
8,2,8782,0
8,2,8658,0
8,2,8675,0
8,2,8524,0
8,2,8305,0
8,2,8807,0
8,2,8480,0
8,2,8578,0
8,2,8928,0
8,2,8594,0
8,2,8884,0
8,2,8664,0
8,2,8861,0
8,2,8574,0
8,2,8311,0
8,2,8858,0
8,2,8832,0
8,2,8419,0
8,2,8475,0
8,2,8635,0
8,2,8461,0
8,2,8785,0
8,2,8573,0
8,2,8852,0
8,2,8790,0
8,2,8659,0
8,2,8575,0
8,2,8444,0
8,2,8774,0
8,2,8325,0
8,2,8752,0
8,2,8654,0
8,2,8512,0
8,2,8804,0
8,2,8404,0
8,2,8873,0
8,2,8631,0
8,2,8568,0
8,2,8700,0
8,2,8610,0
8,2,8454,0
8,2,8609,0
8,2,8547,0
8,2,8898,0
8,2,8959,0
8,2,8672,0
8,2,8383,0
8,2,8857,0
8,2,8823,0
8,2,8751,0
8,2,8378,0
8,2,8802,0
8,2,8430,0
8,2,8841,0
8,2,8882,0
8,2,8638,0
8,2,8589,0
8,2,8633,0
8,2,8734,0
8,2,8527,0
8,2,8405,0
8,2,8916,0
8,2,8312,0
8,2,8550,0
8,2,8457,0
8,2,8309,0
8,2,8613,0
8,2,8411,0
8,2,8549,0
8,2,8838,0
8,2,8581,0
8,2,8368,0
8,2,8582,0
8,2,8960,0
8,2,8740,0
8,2,8649,0
8,2,8662,0
8,2,8471,0
8,2,8711,0
8,2,8361,0
8,2,8705,0
8,2,8837,0
8,2,8870,0
8,2,8663,0
8,2,8948,0
8,2,8845,0
8,2,8624,0
8,2,8860,0
8,2,8731,0
8,2,8557,0
8,2,8569,0
8,2,8442,0
8,2,8387,0
8,2,8759,0
8,2,8665,0
8,2,8678,0
8,2,8930,0
8,2,8531,0
8,2,8655,0
8,2,8303,0
8,2,8455,0
8,2,8703,0
8,2,8789,0
8,2,8797,0
8,2,8376,0
8,2,8626,0
8,2,8903,0
8,2,8931,0
8,2,8657,0
8,2,8643,0
8,2,8670,0
8,2,8587,0
8,2,8760,0
8,2,8317,0
9,1,9033,0
9,1,9107,0
9,1,9203,0
9,1,9205,0
9,1,9206,0
9,1,9210,0
9,1,9222,0
9,1,9230,0
9,1,9239,0
9,1,9294,0
9,1,9304,0
9,1,9310,0
9,1,9318,0
9,1,9323,0
9,1,9340,0
9,1,9366,0
9,1,9386,0
9,1,9385,0
9,1,9188,0
9,1,9277,0
9,1,9357,0
9,1,9325,0
9,1,9286,0
9,1,9265,0
9,1,9213,0
9,1,9301,0
9,1,9070,0
9,1,9086,0
9,1,9273,0
9,1,9362,0
9,1,9166,0
9,1,9130,0
9,1,9177,0
9,1,9241,0
9,1,9381,0
9,1,9341,0
9,1,9326,0
9,1,9126,0
9,1,9100,0
9,1,9257,0
9,1,9162,0
9,1,9252,0
9,1,9195,0
9,1,9346,0
9,1,9384,0
9,1,9122,0
9,1,9269,0
9,1,9263,0
9,1,9127,0
9,1,9246,0
9,1,9137,0
9,1,9369,0
9,1,9235,0
9,1,9105,0
9,1,9342,0
9,1,9072,0
9,1,9097,0
9,1,9059,0
9,1,9090,0
9,1,9311,0
9,1,9330,0
9,1,9187,0
9,1,9324,0
9,1,9074,0
9,1,9083,0
9,1,9170,0
9,1,9374,0
9,1,9317,0
9,1,9141,0
9,1,9173,0
9,1,9212,0
9,1,9194,0
9,1,9147,0
9,1,9371,0
9,1,9189,0
9,1,9111,0
9,1,9244,0
9,1,9200,0
9,1,9069,0
9,1,9298,0
9,1,9123,0
9,1,9251,0
9,1,9082,0
9,1,9363,0
9,1,9174,0
9,1,9209,0
9,1,9316,0
9,1,9191,0
9,1,9365,0
9,1,9052,0
9,1,9336,0
9,1,9183,0
9,1,9114,0
9,1,9226,0
9,1,9249,0
9,1,9227,0
9,1,9278,0
9,1,9164,0
9,1,9098,0
9,1,9272,0
9,1,9125,0
9,1,9117,0
9,1,9089,0
9,1,9328,0
9,1,9181,0
9,1,9383,0
9,1,9071,0
9,1,9063,0
9,1,9315,0
9,1,9062,0
9,1,9247,0
9,1,9092,0
9,1,9234,0
9,1,9068,0
9,1,9139,0
9,1,9285,0
9,1,9109,0
9,1,9153,0
9,1,9364,0
9,1,9048,0
9,1,9264,0
9,1,9103,0
9,1,9347,0
9,1,9297,0
9,1,9112,0
9,1,9380,0
9,1,9193,0
9,1,9081,0
9,1,9167,0
9,1,9248,0
9,1,9078,0
9,1,9104,0
9,1,9156,0
9,1,9218,0
9,1,9289,0
9,1,9138,0
9,1,9353,0
9,1,9093,0
9,1,9198,0
9,1,9150,0
9,1,9373,0
9,1,9124,0
9,1,9312,0
9,1,9080,0
9,1,9144,0
9,1,9135,0
9,1,9172,0
9,1,9320,0
9,1,9370,0
9,1,9232,0
9,1,9216,0
9,1,9352,0
9,1,9339,0
9,1,9087,0
9,1,9254,0
9,1,9047,0
9,1,9066,0
9,1,9131,0
9,1,9110,0
9,1,9154,0
9,1,9321,0
9,1,9157,0
9,1,9359,0
9,1,9053,0
9,1,9160,0
9,1,9243,0
9,1,9155,0
9,1,9184,0
9,1,9313,0
9,1,9360,0
9,1,9161,0
9,1,9056,0
9,1,9291,0
9,1,9168,0
9,1,9190,0
9,1,9279,0
9,1,9270,0
9,1,9322,0
9,1,9079,0
9,1,9225,0
9,1,9217,0
9,1,9355,0
9,1,9284,0
9,1,9314,0
9,1,9061,0
9,1,9113,0
9,1,9319,0
9,1,9268,0
9,1,9085,0
9,1,9148,0
9,1,9101,0
9,1,9356,0
9,1,9302,0
9,1,9050,0
9,1,9308,0
9,1,9151,0
9,1,9293,0
9,1,9077,0
9,1,9283,0
9,1,9250,0
10,1,9538,0
10,1,9562,0
10,1,9569,0
10,1,9570,0
10,1,9610,0
10,1,9622,0
10,1,9637,0
10,1,9661,0
10,1,9669,0
10,1,9670,0
10,1,9696,0
10,1,9745,0
10,1,9752,0
10,1,9775,0
10,1,9779,0
10,1,9782,0
10,1,9479,0
10,1,9699,0
10,1,9753,0
10,1,9772,0
10,1,9518,0
10,1,9554,0
10,1,9636,0
10,1,9712,0
10,1,9746,0
10,1,9484,0
10,1,9773,0
10,1,9459,0
10,1,9655,0
10,1,9547,0
10,1,9744,0
10,1,9534,0
10,1,9605,0
10,1,9521,0
10,1,9509,0
10,1,9641,0
10,1,9778,0
10,1,9491,0
10,1,9477,0
10,1,9580,0
10,1,9756,0
10,1,9733,0
10,1,9603,0
10,1,9516,0
10,1,9455,0
10,1,9679,0
10,1,9517,0
10,1,9768,0
10,1,9573,0
10,1,9725,0
10,1,9529,0
10,1,9638,0
10,1,9615,0
10,1,9499,0
10,1,9587,0
10,1,9750,0
10,1,9647,0
10,1,9754,0
10,1,9589,0
10,1,9642,0
10,1,9780,0
10,1,9496,0
10,1,9581,0
10,1,9625,0
10,1,9697,0
10,1,9672,0
10,1,9683,0
10,1,9765,0
10,1,9766,0
10,1,9747,0
10,1,9597,0
10,1,9594,0
10,1,9552,0
10,1,9468,0
10,1,9611,0
10,1,9571,0
10,1,9575,0
10,1,9634,0
10,1,9685,0
10,1,9656,0
10,1,9759,0
10,1,9663,0
10,1,9704,0
10,1,9579,0
10,1,9510,0
10,1,9631,0
10,1,9543,0
10,1,9658,0
10,1,9626,0
10,1,9567,0
10,1,9693,0
10,1,9692,0
10,1,9596,0
10,1,9490,0
10,1,9480,0
10,1,9736,0
10,1,9652,0
10,1,9525,0
10,1,9660,0
10,1,9737,0
10,1,9635,0
10,1,9555,0
10,1,9678,0
10,1,9682,0
10,1,9695,0
10,1,9681,0
10,1,9457,0
10,1,9565,0
10,1,9761,0
10,1,9539,0
10,1,9606,0
10,1,9703,0
10,1,9743,0
10,1,9633,0
10,1,9739,0
10,1,9497,0
10,1,9528,0
10,1,9531,0
10,1,9585,0
10,1,9574,0
10,1,9646,0
10,1,9475,0
10,1,9644,0
10,1,9721,0
10,1,9501,0
10,1,9513,0
10,1,9705,0
10,1,9777,0
10,1,9694,0
10,1,9514,0
10,1,9689,0
10,1,9500,0
10,1,9654,0
10,1,9489,0
10,1,9598,0
10,1,9742,0
10,1,9533,0
10,1,9771,0
10,1,9535,0
10,1,9666,0
10,1,9523,0
10,1,9618,0
10,1,9613,0
10,1,9709,0
10,1,9540,0
10,1,9643,0
10,1,9482,0
10,1,9557,0
10,1,9545,0
10,1,9550,0
10,1,9507,0
10,1,9714,0
10,1,9506,0
10,1,9542,0
10,1,9650,0
10,1,9537,0
10,1,9599,0
10,1,9600,0
10,1,9730,0
10,1,9659,0
10,1,9548,0
10,1,9568,0
10,1,9621,0
10,1,9632,0
10,1,9691,0
10,1,9731,0
10,1,9590,0
10,1,9512,0
10,1,9505,0
10,1,9630,0
10,1,9740,0
10,1,9701,0
10,1,9727,0
10,1,9680,0
10,1,9748,0
10,1,9588,0
10,1,9758,0
10,1,9770,0
10,1,9769,0
10,1,9583,0
10,1,9469,0
10,1,9716,0
10,1,9511,0
10,1,9584,0
10,1,9485,0
10,1,9665,0
10,1,9616,0
10,1,9563,0
10,1,9593,0
10,1,9546,0
10,1,9722,0
10,1,9560,0
10,1,9732,0
10,1,9664,0
10,1,9719,0
10,1,9522,0
10,1,9760,0
10,1,9576,0
10,1,9676,0
10,1,9706,0
11,1,9789,0
11,1,9796,0
11,1,9799,0
11,1,9806,0
11,1,9815,0
11,1,9838,0
11,1,9842,0
11,1,9862,0
11,1,9870,0
11,1,9876,0
11,1,9894,0
11,1,9903,0
11,1,9914,0
11,1,9915,0
11,1,9923,0
11,1,9924,0
11,1,9925,0
11,1,9932,0
11,1,9950,0
11,1,9958,0
11,1,10589,0
11,1,10704,0
11,1,10539,0
11,1,10321,0
11,1,10143,0
11,1,10141,0
11,1,10395,0
11,1,10260,0
11,1,10250,0
11,1,10534,0
11,1,10834,0
11,1,10622,0
11,1,10838,0
11,1,10464,0
11,1,10533,0
11,1,10315,0
11,1,10872,0
11,1,10885,0
11,1,10928,0
11,1,10599,0
11,1,10873,0
11,1,10494,0
11,1,10659,0
11,1,10700,0
11,1,10254,0
11,1,10573,0
11,1,10728,0
11,1,10528,0
11,1,10305,0
11,1,10816,0
11,1,10678,0
11,1,10080,0
11,1,10845,0
11,1,10297,0
11,1,10586,0
11,1,10775,0
11,1,10410,0
11,1,10071,0
11,1,10848,0
11,1,10232,0
11,1,10765,0
11,1,10345,0
11,1,10356,0
11,1,10384,0
11,1,10802,0
11,1,10412,0
11,1,10521,0
11,1,10609,0
11,1,10234,0
11,1,10114,0
11,1,10706,0
11,1,10916,0
11,1,10789,0
11,1,10366,0
11,1,10595,0
11,1,10474,0
11,1,10717,0
11,1,10907,0
11,1,10800,0
11,1,10249,0
11,1,10217,0
11,1,10856,0
11,1,10371,0
11,1,10100,0
11,1,10827,0
11,1,10924,0
11,1,10302,0
11,1,10340,0
11,1,10407,0
11,1,10707,0
11,1,10788,0
11,1,10492,0
11,1,10736,0
11,1,10697,0
11,1,10475,0
11,1,10290,0
11,1,10619,0
11,1,10822,0
11,1,10489,0
11,1,10399,0
11,1,10859,0
11,1,10253,0
11,1,10730,0
11,1,10818,0
11,1,10242,0
11,1,10714,0
11,1,10732,0
11,1,10688,0
11,1,10635,0
11,1,10665,0
11,1,10631,0
11,1,10537,0
11,1,10379,0
11,1,10292,0
11,1,10177,0
11,1,10803,0
11,1,10209,0
11,1,10443,0
11,1,10661,0
11,1,10703,0
11,1,10501,0
11,1,10743,0
11,1,10790,0
11,1,10769,0
11,1,10510,0
11,1,10741,0
11,1,10480,0
11,1,10759,0
11,1,10569,0
11,1,10686,0
11,1,10409,0
11,1,10854,0
11,1,10735,0
11,1,10469,0
11,1,10719,0
11,1,10503,0
11,1,10890,0
11,1,10394,0
11,1,10903,0
11,1,10685,0
11,1,10705,0
11,1,10448,0
11,1,10648,0
11,1,10417,0
11,1,10807,0
11,1,10296,0
11,1,10819,0
11,1,10557,0
11,1,10509,0
11,1,10779,0
11,1,10255,0
11,1,10228,0
11,1,10550,0
11,1,10559,0
11,1,10687,0
11,1,9964,0
11,1,10308,0
11,1,10406,0
11,1,10806,0
11,1,10499,0
11,1,10188,0
11,1,10314,0
11,1,10565,0
11,1,10427,0
11,1,10857,0
11,1,10653,0
11,1,10506,0
11,1,10753,0
11,1,10519,0
11,1,10542,0
11,1,10693,0
11,1,10751,0
11,1,10640,0
11,1,10304,0
11,1,10574,0
11,1,10531,0
11,1,10396,0
11,1,10757,0
11,1,10240,0
11,1,10876,0
11,1,10729,0
11,1,10571,0
11,1,10142,0
11,1,10904,0
11,1,10799,0
11,1,10060,0
11,1,10243,0
11,1,10691,0
11,1,10795,0
11,1,10636,0
11,1,10284,0
11,1,10721,0
11,1,10752,0
11,1,10334,0
11,1,10316,0
11,1,10629,0
11,1,10606,0
11,1,10832,0
11,1,10435,0
11,1,10169,0
11,2,9978,0
11,2,9992,0
11,2,9998,0
11,2,10005,0
11,2,10006,0
11,2,10030,0
11,2,10042,0
11,2,10048,0
11,2,10088,0
11,2,10107,0
11,2,10167,0
11,2,10176,0
11,2,10182,0
11,2,10201,0
11,2,10223,0
11,2,10231,0
11,2,10269,0
11,2,10336,0
11,2,10372,0
11,2,10383,0
11,2,10623,0
11,2,10187,0
11,2,10750,0
11,2,10294,0
11,2,10378,0
11,2,10836,0
11,2,10701,0
11,2,10738,0
11,2,10483,0
11,2,10841,0
11,2,10820,0
11,2,10545,0
11,2,10886,0
11,2,10624,0
11,2,10357,0
11,2,10633,0
11,2,10627,0
11,2,10289,0
11,2,10755,0
11,2,10465,0
11,2,10225,0
11,2,10891,0
11,2,10491,0
11,2,10434,0
11,2,10546,0
11,2,10650,0
11,2,10230,0
11,2,10663,0
11,2,10419,0
11,2,10652,0
11,2,10497,0
11,2,10811,0
11,2,10618,0
11,2,10647,0
11,2,10888,0
11,2,10880,0
11,2,10526,0
11,2,10244,0
11,2,10588,0
11,2,10156,0
11,2,10374,0
11,2,10391,0
11,2,10804,0
11,2,10522,0
11,2,10411,0
11,2,10462,0
11,2,10768,0
11,2,10785,0
11,2,10535,0
11,2,10669,0
11,2,10901,0
11,2,10875,0
11,2,10597,0
11,2,10524,0
11,2,10840,0
11,2,10813,0
11,2,10682,0
11,2,10467,0
11,2,10387,0
11,2,10272,0
11,2,10792,0
11,2,10708,0
11,2,10532,0
11,2,10568,0
11,2,10168,0
11,2,10826,0
11,2,10771,0
11,2,10300,0
11,2,10608,0
11,2,10782,0
11,2,10611,0
11,2,10358,0
11,2,10923,0
11,2,10154,0
11,2,10689,0
11,2,10797,0
11,2,10887,0
11,2,10646,0
11,2,10711,0
11,2,10279,0
11,2,10862,0
11,2,10385,0
11,2,10267,0
11,2,10684,0
11,2,10310,0
11,2,10626,0
11,2,10754,0
11,2,10309,0
11,2,10461,0
11,2,10478,0
11,2,10388,0
11,2,10793,0
11,2,10593,0
11,2,10344,0
11,2,10908,0
11,2,10517,0
11,2,10695,0
11,2,10335,0
11,2,10851,0
11,2,10472,0
11,2,10651,0
11,2,10655,0
11,2,10452,0
11,2,10918,0
11,2,10155,0
11,2,10699,0
11,2,10415,0
11,2,10744,0
11,2,10536,0
11,2,10468,0
11,2,10333,0
11,2,10666,0
11,2,10794,0
11,2,10572,0
11,2,10581,0
11,2,10498,0
11,2,10821,0
11,2,10808,0
11,2,10413,0
11,2,10576,0
11,2,10681,0
11,2,10515,0
11,2,10320,0
11,2,10617,0
11,2,10115,0
11,2,10675,0
11,2,10772,0
11,2,10596,0
11,2,10604,0
11,2,10523,0
11,2,10884,0
11,2,10590,0
11,2,10370,0
11,2,10812,0
11,2,10447,0
11,2,10796,0
11,2,10679,0
11,2,10286,0
11,2,10555,0
11,2,10760,0
11,2,10723,0
11,2,10564,0
11,2,10746,0
11,2,10343,0
11,2,10540,0
11,2,10490,0
11,2,10484,0
11,2,10692,0
11,2,10392,0
11,2,10328,0
11,2,10285,0
11,2,10429,0
11,2,10657,0
11,2,10149,0
11,2,10210,0
11,2,10375,0
11,2,10747,0
11,2,10229,0
11,2,10553,0
11,2,10641,0
11,2,10614,0
11,2,10724,0
11,2,10726,0
11,2,10318,0
11,2,10824,0
11,2,10466,0
11,2,10773,0
11,2,10814,0
11,2,10829,0
11,2,10791,0
11,2,10216,0
11,2,10566,0
11,2,10193,0
11,2,10400,0
11,2,10505,0
11,2,10446,0
11,2,10644,0
11,2,10303,0
11,2,10680,0
11,2,10749,0
11,3,10389,0
11,3,10398,0
11,3,10437,0
11,3,10442,0
11,3,10445,0
11,3,10479,0
11,3,10543,0
11,3,10547,0
11,3,10610,0
11,3,10674,0
11,3,10710,0
11,3,10846,0
11,3,10858,0
11,3,10860,0
11,3,10869,0
11,3,10877,0
11,3,10905,0
11,3,10922,0
11,3,10926,0
11,3,10852,0
11,3,10273,0
11,3,10739,0
11,3,10496,0
11,3,10748,0
11,3,10863,0
11,3,10487,0
11,3,10202,0
11,3,10720,0
11,3,10380,0
11,3,10432,0
11,3,10844,0
11,3,10208,0
11,3,10632,0
11,3,10513,0
11,3,10654,0
11,3,10831,0
11,3,10594,0
11,3,10450,0
11,3,10809,0
11,3,10549,0
11,3,10293,0
11,3,10855,0
11,3,10870,0
11,3,10575,0
11,3,10592,0
11,3,10787,0
11,3,10500,0
11,3,10718,0
11,3,10668,0
11,3,10330,0
11,3,10433,0
11,3,10190,0
11,3,10431,0
11,3,10835,0
11,3,10842,0
11,3,10694,0
11,3,10520,0
11,3,10103,0
11,3,10607,0
11,3,10628,0
11,3,10301,0
11,3,10843,0
11,3,10639,0
11,3,10558,0
11,3,10541,0
11,3,10871,0
11,3,10281,0
11,3,10630,0
11,3,10563,0
11,3,10601,0
11,3,10909,0
11,3,10283,0
11,3,10913,0
11,3,10673,0
11,3,10424,0
11,3,10702,0
11,3,10527,0
11,3,10514,0
11,3,10365,0
11,3,10861,0
11,3,10485,0
11,3,10226,0
11,3,10906,0
11,3,10507,0
11,3,10895,0
11,3,10613,0
11,3,10733,0
11,3,10222,0
11,3,10401,0
11,3,10402,0
11,3,10481,0
11,3,10342,0
11,3,10257,0
11,3,10418,0
11,3,10740,0
11,3,10403,0
11,3,10585,0
11,3,10346,0
11,3,10341,0
11,3,10853,0
11,3,10425,0
11,3,10737,0
11,3,10914,0
11,3,10486,0
11,3,10917,0
11,3,10252,0
11,3,10488,0
11,3,10278,0
11,3,10393,0
11,3,10493,0
11,3,10556,0
11,3,10352,0
11,3,10560,0
11,3,10444,0
11,3,10325,0
11,3,10530,0
11,3,10327,0
11,3,10801,0
11,3,10900,0
11,3,10766,0
11,3,10874,0
11,3,10460,0
11,3,10317,0
11,3,10865,0
11,3,10690,0
11,3,10776,0
11,3,10600,0
11,3,10420,0
11,3,10397,0
11,3,10805,0
11,3,10271,0
11,3,10451,0
11,3,10220,0
11,3,10798,0
11,3,10455,0
11,3,10212,0
11,3,10421,0
11,3,10649,0
11,3,10570,0
11,3,10463,0
11,3,10368,0
11,3,10245,0
11,3,10602,0
11,3,10189,0
11,3,10642,0
11,3,10658,0
11,3,10896,0
11,3,10911,0
11,3,10696,0
11,3,10508,0
11,3,10359,0
11,3,10414,0
11,3,10578,0
11,3,10881,0
11,3,10441,0
11,3,10784,0
11,3,10377,0
11,3,10153,0
11,3,10660,0
11,3,10664,0
11,3,10716,0
11,3,10261,0
11,3,10382,0
11,3,10262,0
11,3,10839,0
11,3,10762,0
11,3,10264,0
11,3,10603,0
11,3,10725,0
11,3,10662,0
11,3,10516,0
11,3,10770,0
11,3,9948,0
11,3,10847,0
11,3,10214,0
11,3,10287,0
11,3,10777,0
11,3,10274,0
11,3,10567,0
11,3,10825,0
11,3,10893,0
11,3,10849,0
11,3,10235,0
11,3,10925,0
11,3,10727,0
11,3,10428,0
11,3,10348,0
11,3,10620,0
11,3,10580,0
11,3,10621,0
11,3,10313,0
11,3,10423,0
11,3,10247,0
11,3,10326,0
11,3,10544,0
11,3,10667,0
11,3,10266,0
11,3,10270,0
11,3,10921,0
11,3,10213,0
12,1,11001,0
12,1,11016,0
12,1,11027,0
12,1,11029,0
12,1,11075,0
12,1,11088,0
12,1,11091,0
12,1,11093,0
12,1,11100,0
12,1,11105,0
12,1,11111,0
12,1,11132,0
12,1,11160,0
12,1,11162,0
12,1,11166,0
12,1,11167,0
12,1,11168,0
12,1,11171,0
12,1,11177,0
12,1,11192,0
12,1,11196,0
12,1,11204,0
12,1,11205,0
12,1,11215,0
12,1,11226,0
12,1,11246,0
12,1,11273,0
12,1,11281,0
12,1,11313,0
12,1,11055,0
12,1,11286,0
12,1,11312,0
12,1,11148,0
12,1,11062,0
12,1,11142,0
12,1,11101,0
12,1,11298,0
12,1,11049,0
12,1,10989,0
12,1,11188,0
12,1,11247,0
12,1,11264,0
12,1,11056,0
12,1,11137,0
12,1,11121,0
12,1,11018,0
12,1,11175,0
12,1,11307,0
12,1,11275,0
12,1,11099,0
12,1,11186,0
12,1,11208,0
12,1,11182,0
12,1,11202,0
12,1,11104,0
12,1,11178,0
12,1,11230,0
12,1,11216,0
12,1,11257,0
12,1,11041,0
12,1,11224,0
12,1,11297,0
12,1,11206,0
12,1,11135,0
12,1,11033,0
12,1,11114,0
12,1,11218,0
12,1,11268,0
12,1,11244,0
12,1,11061,0
12,1,11283,0
12,1,11232,0
12,1,11046,0
12,1,11195,0
12,1,11072,0
12,1,11271,0
12,1,11130,0
12,1,11063,0
12,1,11241,0
12,1,10988,0
12,1,11290,0
12,1,11294,0
12,1,11277,0
12,1,11050,0
12,1,11213,0
12,1,11051,0
12,1,11065,0
12,1,11108,0
12,1,11123,0
12,1,11048,0
12,1,11199,0
12,1,11200,0
12,1,11040,0
12,1,11094,0
12,1,11035,0
12,1,11276,0
12,1,11219,0
12,1,11260,0
12,1,11151,0
12,1,11157,0
12,1,11102,0
12,1,11086,0
12,1,11173,0
12,1,11144,0
12,1,11285,0
12,1,11299,0
12,1,11165,0
12,1,11089,0
12,1,10995,0
12,1,11073,0
12,1,11304,0
12,1,11057,0
12,1,11116,0
12,1,11145,0
12,1,11024,0
12,1,11256,0
12,1,10939,0
12,1,11270,0
12,1,11301,0
12,1,11300,0
12,1,11052,0
12,1,11209,0
12,1,11010,0
12,1,11069,0
12,1,11288,0
12,1,11240,0
12,1,11070,0
12,1,11028,0
12,1,11038,0
12,1,11133,0
12,1,11076,0
12,1,11124,0
12,1,11083,0
12,1,11289,0
12,1,11082,0
12,1,11185,0
12,1,11143,0
12,1,11214,0
12,1,11266,0
12,1,11239,0
12,1,11085,0
12,1,11261,0
12,1,11084,0
12,1,11079,0
12,1,11233,0
12,1,11308,0
12,1,11305,0
12,1,11242,0
12,1,10997,0
12,1,11045,0
12,1,11146,0
12,1,11222,0
12,1,11193,0
12,1,11309,0
12,1,11248,0
12,1,11235,0
12,1,11274,0
12,1,11030,0
12,1,11109,0
12,1,11253,0
12,1,11223,0
12,1,11225,0
12,1,11263,0
12,1,11197,0
12,1,11127,0
12,1,11090,0
12,1,11158,0
12,1,11017,0
12,1,11097,0
12,1,11064,0
12,1,11103,0
12,1,11068,0
12,1,11107,0
12,1,11303,0
12,1,11087,0
12,1,11034,0
12,1,11220,0
12,1,11149,0
12,1,11096,0
12,1,11237,0
12,1,11278,0
12,1,11265,0
12,1,11025,0
12,1,11259,0
12,1,11221,0
12,1,11080,0
12,1,11315,0
12,1,11211,0
12,1,11152,0
12,1,11262,0
12,1,11183,0
12,1,11155,0
12,1,11134,0
12,1,11314,0
12,1,11170,0
12,1,11295,0
12,1,11150,0
12,1,11067,0
12,1,11191,0
12,1,11255,0
